division,index,icclub_home,icclub_visit,idnumber_home,idnumber_visit,result,overruled
1,,607,621,13815,12336,1-0,NOR
1,,607,621,95281,12330,0-1,NOR
1,,607,621,27455,91308,1-0,NOR
1,,607,621,94269,13604,½-½,NOR
1,,607,621,14131,91367,1-0,NOR
1,,607,621,98574,61891,½-½,NOR
1,,607,621,345,19730,1-0,NOR
1,,607,621,20214,24840,1-0,NOR
1,,109,166,29367,17626,½-½,NOR
1,,109,166,18066,17529,½-½,NOR
1,,109,166,14209,11532,0-1,NOR
1,,109,166,24758,56863,0-1,NOR
1,,109,166,15742,17532,½-½,NOR
1,,109,166,12899,50482,½-½,NOR
1,,109,166,11501,12424,½-½,NOR
1,,109,166,26499,28045,½-½,NOR
1,,432,239,19800,24939,1-0,NOR
1,,432,239,49921,62359,½-½,NOR
1,,432,239,10832,22636,1-0,NOR
1,,432,239,10464,20540,0-1,NOR
1,,432,239,13376,80403,1-0,NOR
1,,432,239,50086,13477,1-0,NOR
1,,432,239,4847,86495,½-½,NOR
1,,432,239,21345,20846,1-0,NOR
1,,401,230,19637,29141,½-½,NOR
1,,401,230,15615,24765,1-0,NOR
1,,401,230,16396,23108,½-½,NOR
1,,401,230,15625,15269,0-1,NOR
1,,401,230,16868,6084,½-½,NOR
1,,401,230,44504,16365,1-0,NOR
1,,401,230,17843,32328,½-½,NOR
1,,401,230,35572,29235,0-1,NOR
1,,301,303,27343,25836,1-0,NOR
1,,301,303,28436,35181,0-1,NOR
1,,301,303,28908,10391,0-1,NOR
1,,301,303,1759,10270,0-1,NOR
1,,301,303,43648,51861,0-1,NOR
1,,301,303,55999,16017,½-½,NOR
1,,301,303,76368,3735,1-0,NOR
1,,301,303,87513,19360,0-1,NOR
1,,601,471,71757,49301,½-½,NOR
1,,601,471,10483,29368,0-1,NOR
1,,601,471,3003,24764,½-½,NOR
1,,601,471,39012,23134,0-1,NOR
1,,601,471,26836,17438,0-1,NOR
1,,601,471,14450,14781,½-½,NOR
1,,601,471,73270,19646,½-½,NOR
1,,601,471,29113,29152,1-0,NOR
2,A,501,607,67008,26943,1-0,NOR
2,A,501,607,22966,21275,0-1,NOR
2,A,501,607,87408,98817,½-½,NOR
2,A,501,607,25749,95206,½-½,NOR
2,A,501,607,54810,21226,0-1,NOR
2,A,501,607,79120,24874,0-1,NOR
2,A,501,607,82635,17012,1-0,NOR
2,A,501,607,70734,15454,½-½,NOR
2,A,952,514,19430,73296,0-1,NOR
2,A,952,514,17648,70823,1-0,NOR
2,A,952,514,12756,80209,½-½,NOR
2,A,952,514,87921,50244,1-0,NOR
2,A,952,514,23003,89711,½-½,NOR
2,A,952,514,18802,23285,0-1,NOR
2,A,952,514,84255,61069,0-1,NOR
2,A,952,514,46710,81981,0-1,NOR
2,A,226,901,17715,50211,1-0,NOR
2,A,226,901,12054,66150,1-0,NOR
2,A,226,901,95672,63011,1-0,NOR
2,A,226,901,17595,50474,½-½,NOR
2,A,226,901,26343,16068,1-0,NOR
2,A,226,901,10739,17189,½-½,NOR
2,A,226,901,18047,86215,1-0,NOR
2,A,226,901,18072,77950,1-0,NOR
2,A,401,209,14606,12255,½-½,NOR
2,A,401,209,15179,79197,½-½,NOR
2,A,401,209,34380,29210,0-1,NOR
2,A,401,209,17183,24731,0-1,NOR
2,A,401,209,14495,1686,1-0,NOR
2,A,401,209,9156,12278,0-1,NOR
2,A,401,209,14603,841,1-0,NOR
2,A,401,209,31755,67032,½-½,NOR
2,A,462,231,11118,57533,1-0,NOR
2,A,462,231,14086,10942,0-1,NOR
2,A,462,231,14078,17116,0-1,NOR
2,A,462,231,11789,13707,0-1,NOR
2,A,462,231,4936,15850,1-0,NOR
2,A,462,231,15032,10546,0-1,NOR
2,A,462,231,25933,30775,½-½,NOR
2,A,462,231,6467,15556,½-½,NOR
2,A,201,548,61981,27001,0-1,NOR
2,A,201,548,92495,27124,0-1,NOR
2,A,201,548,31267,12802,0-1,NOR
2,A,201,548,9245,66770,½-½,NOR
2,A,201,548,20183,27274,0-1,NOR
2,A,201,548,40878,14400,½-½,NOR
2,A,201,548,71919,29409,0-1,NOR
2,A,201,548,98689,90883,0-1,NOR
2,B,124,436,13668,22543,½-½,NOR
2,B,124,436,69329,14279,0-1,NOR
2,B,124,436,25763,10816,½-½,NOR
2,B,124,436,1104,14625,½-½,NOR
2,B,124,436,21174,31160,1-0,NOR
2,B,124,436,14354,33570,0-1,NOR
2,B,124,436,23532,38253,½-½,NOR
2,B,124,436,6858,10967,1-0,NOR
2,B,109,472,6602,14108,0-1,NOR
2,B,109,472,52507,10184,1-0,NOR
2,B,109,472,3131,16179,½-½,NOR
2,B,109,472,37796,30732,½-½,NOR
2,B,109,472,20818,40568,½-½,NOR
2,B,109,472,39101,11400,½-½,NOR
2,B,109,472,50873,52361,0-1,NOR
2,B,109,472,28606,17780,1-0,NOR
2,B,432,401,10634,21132,0-1,NOR
2,B,432,401,10670,1864,0-1,NOR
2,B,432,401,20531,19720,1-0,NOR
2,B,432,401,50881,24999,1-0,NOR
2,B,432,401,9253,5827,1-0,NOR
2,B,432,401,22643,6815,½-½,NOR
2,B,432,401,42391,59544,½-½,NOR
2,B,432,401,11132,24922,0-1,NOR
2,B,261,176,25615,1031,½-½,NOR
2,B,261,176,1988,2623,½-½,NOR
2,B,261,176,50075,5606,1-0,NOR
2,B,261,176,10421,16824,½-½,NOR
2,B,261,176,1929,11619,½-½,NOR
2,B,261,176,48569,19469,0-1,NOR
2,B,261,176,26972,19678,1-0,NOR
2,B,261,176,11034,22388,1-0,NOR
2,B,301,303,22764,14068,0-1,NOR
2,B,301,303,30805,16911,½-½,NOR
2,B,301,303,16154,51764,½-½,NOR
2,B,301,303,45608,20141,½-½,NOR
2,B,301,303,52795,51811,½-½,NOR
2,B,301,303,21329,36277,0-1,NOR
2,B,301,303,16319,12523,1-0,NOR
2,B,301,303,12831,18195,0-1,NOR
2,B,402,114,99627,12445,1-0,NOR
2,B,402,114,15782,16951,½-½,NOR
2,B,402,114,52191,10399,½-½,NOR
2,B,402,114,5142,29424,0-1,NOR
2,B,402,114,15081,36323,1-0,NOR
2,B,402,114,14103,10397,0-1,NOR
2,B,402,114,24601,20065,1-0,NOR
2,B,402,114,38342,16085,0-1,NOR
3,A,417,132,32913,26603,½-½,NOR
3,A,417,132,9725,39462,0-1,NOR
3,A,417,132,14213,57169,½-½,NOR
3,A,417,132,24177,54771,1-0,NOR
3,A,417,132,34011,23772,1-0,NOR
3,A,417,132,24910,11014,0-1,NOR
3,A,109,278,80608,12277,0-1,NOR
3,A,109,278,9971,13263,0-1,NOR
3,A,109,278,25755,17420,0-1,NOR
3,A,109,278,4693,25186,0-1,NOR
3,A,109,278,884,92479,0-1,NOR
3,A,109,278,23330,25362,1-0,NOR
3,A,432,401,21938,39063,½-½,NOR
3,A,432,401,8320,80985,½-½,NOR
3,A,432,401,38822,35491,½-½,NOR
3,A,432,401,41254,22659,1-0,NOR
3,A,432,401,23054,35564,½-½,NOR
3,A,432,401,15132,19216,½-½,NOR
3,A,128,143,56618,12467,½-½,NOR
3,A,128,143,41084,45284,0-1,NOR
3,A,128,143,28533,79324,1-0,NOR
3,A,128,143,11894,7404,½-½,NOR
3,A,128,143,47414,29149,0-1,NOR
3,A,128,143,15003,19704,1-0,NOR
3,A,244,135,75558,51837,0-1,NOR
3,A,244,135,97250,58572,1-0,NOR
3,A,244,135,40924,18503,½-½,NOR
3,A,244,135,49425,10407,0-1,NOR
3,A,244,135,92312,10416,1-0,NOR
3,A,244,135,41831,11413,½-½,NOR
3,A,174,471,28240,13903,½-½,NOR
3,A,174,471,12370,34517,1-0,NOR
3,A,174,471,51195,13463,½-½,NOR
3,A,174,471,12959,5321,½-½,NOR
3,A,174,471,15747,53449,1-0 FF,NOR
3,A,174,471,14341,16971,0-1,NOR
3,B,548,436,23129,14898,0-1,NOR
3,B,548,436,84841,14293,1-0,NOR
3,B,548,436,93084,16881,0-1,NOR
3,B,548,436,60517,18465,0-1,NOR
3,B,548,436,79804,16932,1-0,NOR
3,B,548,436,23066,16320,½-½,NOR
3,B,521,302,27727,4073,½-½,NOR
3,B,521,302,24747,50013,0-1 FF,NOR
3,B,521,302,19840,12290,0-1,NOR
3,B,521,302,29229,10030,0-1,NOR
3,B,521,302,71137,5011,0-1,NOR
3,B,521,302,22060,17398,0-1,NOR
3,B,313,401,22756,16873,1-0,NOR
3,B,313,401,11412,14577,½-½,NOR
3,B,313,401,19023,26089,1-0,NOR
3,B,313,401,27995,80055,0-1,NOR
3,B,313,401,50679,14316,1-0,NOR
3,B,313,401,65978,14276,0-1,NOR
3,B,541,307,29444,9628,1-0,NOR
3,B,541,307,17786,38237,0-1,NOR
3,B,541,307,25009,57941,1-0,NOR
3,B,541,307,19805,35980,½-½,NOR
3,B,541,307,79316,23230,1-0 FF,NOR
3,B,541,307,22762,27160,1-0,NOR
3,B,425,303,11064,14724,0-1,NOR
3,B,425,303,34312,10004,½-½,NOR
3,B,425,303,36579,13196,½-½,NOR
3,B,425,303,8834,36811,½-½,NOR
3,B,425,303,21436,96493,1-0,NOR
3,B,425,303,41904,23915,0-1,NOR
3,B,174,471,56740,10776,1-0,NOR
3,B,174,471,27200,50251,½-½,NOR
3,B,174,471,30651,12850,1-0,NOR
3,B,174,471,13488,21265,½-½,NOR
3,B,174,471,21814,13870,0-1,NOR
3,B,174,471,14273,56596,1-0,NOR
3,C,621,228,70581,42706,½-½,NOR
3,C,621,228,97136,20621,½-½,NOR
3,C,621,228,91219,62766,½-½,NOR
3,C,621,228,15780,21881,½-½,NOR
3,C,621,228,15896,29343,½-½,NOR
3,C,621,228,50111,9954,½-½,NOR
3,C,207,278,75655,16554,1-0,NOR
3,C,207,278,70653,60319,1-0,NOR
3,C,207,278,22648,69892,½-½,NOR
3,C,207,278,15631,14768,1-0,NOR
3,C,207,278,26983,27554,0-1,NOR
3,C,207,278,95702,23011,1-0,NOR
3,C,226,239,50293,61328,½-½,NOR
3,C,226,239,15619,12804,½-½,NOR
3,C,226,239,12300,97721,0-1,NOR
3,C,226,239,12256,64491,0-1,NOR
3,C,226,239,21298,91847,0-1,NOR
3,C,226,239,79090,60619,0-1 FF,NOR
3,C,401,209,27961,89681,1-0,NOR
3,C,401,209,36897,25061,0-1,NOR
3,C,401,209,53708,14274,0-1,NOR
3,C,401,209,24466,60336,½-½,NOR
3,C,401,209,53538,66575,½-½,NOR
3,C,401,209,23071,22749,½-½,NOR
3,C,244,135,12007,11221,½-½,NOR
3,C,244,135,56359,29204,1-0,NOR
3,C,244,135,50003,14123,½-½,NOR
3,C,244,135,13368,10943,1-0,NOR
3,C,244,135,97730,14980,1-0,NOR
3,C,244,135,14712,26036,1-0,NOR
3,C,601,114,22370,29912,1-0,NOR
3,C,601,114,19024,42153,1-0,NOR
3,C,601,114,87718,32212,1-0,NOR
3,C,601,114,26095,11319,½-½,NOR
3,C,601,114,17289,59749,1-0,NOR
3,C,601,114,27869,15856,1-0,NOR
3,D,607,618,98680,71790,½-½,NOR
3,D,607,618,47872,63053,0-1,NOR
3,D,607,618,15446,62600,1-0,NOR
3,D,607,618,23771,10754,½-½,NOR
3,D,607,618,24868,26470,1-0,NOR
3,D,607,618,23245,25638,½-½,NOR
3,D,604,166,98884,67946,½-½,NOR
3,D,604,166,12981,34525,½-½,NOR
3,D,604,166,10775,57304,1-0,NOR
3,D,604,166,13201,23981,0-1,NOR
3,D,604,166,61956,54712,1-0,NOR
3,D,604,166,12312,11752,1-0,NOR
3,D,627,901,95041,69744,1-0,NOR
3,D,627,901,98663,29158,1-0,NOR
3,D,627,901,19783,26013,1-0,NOR
3,D,627,901,10721,27173,½-½,NOR
3,D,627,901,14158,21048,1-0,NOR
3,D,627,901,47422,76708,½-½,NOR
3,D,727,230,44041,23637,0-1,NOR
3,D,727,230,10474,12997,0-1,NOR
3,D,727,230,14231,16874,0-1,NOR
3,D,727,230,35645,8613,0-1,NOR
3,D,727,230,16711,55875,1-0,NOR
3,D,727,230,39535,7587,0-1,NOR
3,D,708,231,26824,19723,1-0,NOR
3,D,708,231,10785,12697,1-0,NOR
3,D,708,231,22721,13279,1-0,NOR
3,D,708,231,11483,25607,½-½,NOR
3,D,708,231,27030,10697,0-1,NOR
3,D,708,231,24548,22843,1-0,NOR
3,D,601,703,26955,11486,1-0,NOR
3,D,601,703,60233,22600,1-0,NOR
3,D,601,703,60264,11986,1-0,NOR
3,D,601,703,37176,16529,½-½,NOR
3,D,601,703,24699,30384,0-1,NOR
3,D,601,703,20312,21219,0-1,NOR
4,A,124,132,40363,11550,0-1,NOR
4,A,124,132,1112,16115,1-0,NOR
4,A,124,132,44971,27538,1-0,NOR
4,A,124,132,62715,27033,½-½,NOR
4,A,109,166,17902,13315,½-½,NOR
4,A,109,166,23258,57860,1-0 FF,NOR
4,A,109,166,23174,17659,½-½,NOR
4,A,109,166,3531,27201,1-0,NOR
4,A,130,195,45586,20817,1-0,NOR
4,A,130,195,97881,25482,1-0,NOR
4,A,130,195,45420,24105,1-0,NOR
4,A,130,195,28754,20197,½-½,NOR
4,A,194,143,6807,48313,1-0,NOR
4,A,194,143,21512,48984,1-0,NOR
4,A,194,143,50539,20037,1-0,NOR
4,A,194,143,31186,25039,1-0,NOR
4,A,121,410,17684,45357,0-1,NOR
4,A,121,410,84697,33014,½-½,NOR
4,A,121,410,15783,25722,0-1,NOR
4,A,121,410,22007,29099,½-½,NOR
4,A,230,114,24422,11617,0-1,NOR
4,A,230,114,33138,14552,1-0,NOR
4,A,230,114,97663,23263,0-1,NOR
4,A,230,114,1538,25361,1-0,NOR
4,B,607,132,97926,53805,0-1,NOR
4,B,607,132,94072,46353,½-½,NOR
4,B,607,132,15457,11499,½-½,NOR
4,B,607,132,23839,29064,½-½,NOR
4,B,727,712,32352,55603,½-½,NOR
4,B,727,712,40525,14893,½-½,NOR
4,B,727,712,95168,56278,½-½,NOR
4,B,727,712,18261,15607,0-1,NOR
4,B,130,622,11746,26756,0-1,NOR
4,B,130,622,25146,92649,0-1,NOR
4,B,130,622,54267,15900,½-½,NOR
4,B,130,622,92878,15718,½-½,NOR
4,B,194,609,11151,69141,½-½,NOR
4,B,194,609,47104,23766,1-0,NOR
4,B,194,609,51292,19242,0-1,NOR
4,B,194,609,17899,14377,0-1,NOR
4,B,714,231,14043,5207,½-½,NOR
4,B,714,231,55964,16160,0-1,NOR
4,B,714,231,29751,12735,½-½,NOR
4,B,714,231,23194,29174,1-0,NOR
4,B,230,601,17256,19650,½-½,NOR
4,B,230,601,13286,58092,1-0,NOR
4,B,230,601,49506,24793,½-½,NOR
4,B,230,601,53881,29402,1-0,NOR
4,C,417,233,23127,43419,½-½,NOR
4,C,417,233,21008,99152,½-½,NOR
4,C,417,233,22184,353,½-½,NOR
4,C,417,233,29374,21277,0-1,NOR
4,C,207,278,15626,85103,1-0,NOR
4,C,207,278,17294,26647,0-1,NOR
4,C,207,278,24479,26838,0-1,NOR
4,C,207,278,22646,26880,1-0,NOR
4,C,226,239,60503,43036,1-0,NOR
4,C,226,239,27211,97109,½-½,NOR
4,C,226,239,26988,50113,0-1,NOR
4,C,226,239,29484,24690,0-1,NOR
4,C,261,260,2607,22471,½-½,NOR
4,C,261,260,26874,93637,0-1,NOR
4,C,261,260,31895,10561,½-½,NOR
4,C,261,260,20829,9342,0-1,NOR
4,C,244,229,72516,10563,½-½,NOR
4,C,244,229,75701,81698,½-½,NOR
4,C,244,229,96612,22578,0-1,NOR
4,C,244,229,23104,26927,½-½,NOR
4,C,201,230,45110,21440,1-0,NOR
4,C,201,230,35556,29242,0-1,NOR
4,C,201,230,93891,14605,1-0,NOR
4,C,201,230,25844,11260,0-1,NOR
4,D,465,233,13798,19643,0-1,NOR
4,D,465,233,14567,26958,½-½,NOR
4,D,465,233,9504,19645,1-0,NOR
4,D,465,233,22080,43346,½-½,NOR
4,D,902,472,83283,42889,1-0,NOR
4,D,902,472,88374,13352,0-1,NOR
4,D,902,472,69370,22074,1-0,NOR
4,D,902,472,89516,46400,½-½,NOR
4,D,401,436,24988,19773,1-0,NOR
4,D,401,436,23876,12928,1-0,NOR
4,D,401,436,14517,24556,0-1,NOR
4,D,401,436,14521,14071,1-0,NOR
4,D,261,548,51578,20700,½-½,NOR
4,D,261,548,33481,29161,0-1,NOR
4,D,261,548,14835,23402,1-0,NOR
4,D,261,548,10344,14444,1-0,NOR
4,D,462,521,23841,60037,½-½,NOR
4,D,462,521,33316,98118,1-0,NOR
4,D,462,521,14317,24744,1-0,NOR
4,D,462,521,4707,26384,1-0,NOR
4,D,402,430,22161,27111,0-1,NOR
4,D,402,430,8397,23434,0-1,NOR
4,D,402,430,13899,8273,0-1,NOR
4,D,402,430,13905,25518,0-1,NOR
4,E,401,401,6785,16540,0-1,NOR
4,E,401,401,98179,46094,0-1,NOR
4,E,401,401,39934,23804,½-½,NOR
4,E,401,401,56553,15806,½-½,NOR
4,E,340,302,77267,12526,½-½,NOR
4,E,340,302,15387,60211,½-½,NOR
4,E,340,302,55417,45144,1-0,NOR
4,E,340,302,21261,97674,0-1,NOR
4,E,432,436,50067,24287,½-½,NOR
4,E,432,436,23901,25399,0-1,NOR
4,E,432,436,8401,24694,0-1,NOR
4,E,432,436,21109,33421,½-½,NOR
4,E,418,304,99758,10057,1-0,NOR
4,E,418,304,17817,14415,1-0,NOR
4,E,418,304,46345,39357,1-0,NOR
4,E,418,304,15514,76899,1-0,NOR
4,E,301,303,8001,98460,½-½,NOR
4,E,301,303,59111,28134,½-½,NOR
4,E,301,303,20516,3417,½-½,NOR
4,E,301,303,14296,49662,1-0,NOR
4,E,309,471,6653,21857,1-0,NOR
4,E,309,471,11450,10319,1-0,NOR
4,E,309,471,69884,27132,½-½,NOR
4,E,309,471,25088,15665,0-1,NOR
4,F,465,460,14992,28683,1-0,NOR
4,F,465,460,14985,21609,½-½,NOR
4,F,465,460,32344,22712,½-½,NOR
4,F,465,460,14384,43044,½-½,NOR
4,F,438,472,56855,23671,1-0,NOR
4,F,438,472,11669,27597,1-0,NOR
4,F,438,472,11541,17961,1-0,NOR
4,F,438,472,24698,25503,1-0,NOR
4,F,432,436,16353,23247,0-1,NOR
4,F,432,436,29318,21205,½-½,NOR
4,F,432,436,49743,15710,1-0,NOR
4,F,432,436,23381,23320,½-½,NOR
4,F,422,304,16730,10542,½-½,NOR
4,F,422,304,11518,27321,½-½,NOR
4,F,422,304,13522,10544,1-0,NOR
4,F,422,304,23150,27325,1-0,NOR
4,F,475,303,47295,58947,1-0,NOR
4,F,475,303,16787,32247,1-0,NOR
4,F,475,303,24483,44016,1-0,NOR
4,F,475,303,16118,36331,½-½,NOR
4,F,401,401,21117,11173,½-½,NOR
4,F,401,401,17837,16624,1-0,NOR
4,F,401,401,21740,23861,1-0,NOR
4,F,401,401,27254,24740,0-1,NOR
4,G,501,618,22957,29238,½-½,NOR
4,G,501,618,5720,81019,0-1,NOR
4,G,501,618,88951,85341,0-1,NOR
4,G,501,618,50865,60397,0-1,NOR
4,G,727,278,11210,21127,½-½,NOR
4,G,727,278,48259,13408,0-1,NOR
4,G,727,278,13910,98412,½-½,NOR
4,G,727,278,27328,27304,½-½,NOR
4,G,230,810,23713,91553,0-1,NOR
4,G,230,810,17669,85456,½-½,NOR
4,G,230,810,17291,65331,1-0,NOR
4,G,230,810,24398,92720,0-1,NOR
4,G,909,525,11758,19700,1-0,NOR
4,G,909,525,48011,64998,1-0,NOR
4,G,909,525,74063,18828,1-0,NOR
4,G,909,525,71978,20062,1-0,NOR
4,G,961,952,13049,15312,1-0,NOR
4,G,961,952,90611,85642,1-0,NOR
4,G,961,952,86282,82058,1-0,NOR
4,G,961,952,23528,23350,1-0,NOR
4,G,601,511,16389,17296,0-1,NOR
4,G,601,511,10712,82376,1-0 FF,NOR
4,G,601,511,23286,16714,½-½,NOR
4,G,601,511,22673,69311,½-½,NOR
4,H,607,607,99341,95109,0-1,NOR
4,H,607,607,95010,13554,½-½,NOR
4,H,607,607,99724,95051,½-½,NOR
4,H,607,607,10349,99376,0-1,NOR
4,H,604,278,29087,29166,1-0,NOR
4,H,604,278,10750,70645,½-½,NOR
4,H,604,278,27122,60110,1-0,NOR
4,H,604,278,95450,23032,1-0,NOR
4,H,627,901,97849,73946,1-0,NOR
4,H,627,901,27220,45641,½-½,NOR
4,H,627,901,13024,28195,½-½,NOR
4,H,627,901,27242,28196,0-1,NOR
4,H,909,525,77381,20412,1-0,NOR
4,H,909,525,23372,12806,½-½,NOR
4,H,909,525,26962,10295,1-0,NOR
4,H,909,525,75566,73695,0-1,NOR
4,H,551,952,98919,79294,0-1,NOR
4,H,551,952,23300,60442,0-1,NOR
4,H,551,952,10859,17207,½-½,NOR
4,H,551,952,22992,18798,½-½,NOR
4,H,601,601,79278,29269,½-½,NOR
4,H,601,601,24913,22887,1-0,NOR
4,H,601,601,24288,24290,0-1,NOR
4,H,601,601,19606,26877,1-0,NOR
5,A,207,166,24270,15824,1-0,NOR
5,A,207,166,26065,16887,1-0,NOR
5,A,207,166,16259,27278,½-½,NOR
5,A,207,166,29039,4618,0-1,NOR
5,A,230,230,15997,27056,0-1,NOR
5,A,230,230,47155,27042,0-1,NOR
5,A,230,230,48127,24835,1-0,NOR
5,A,230,230,29170,17293,1-0,NOR
5,A,261,260,98431,11070,1-0,NOR
5,A,261,260,22405,99178,0-1,NOR
5,A,261,260,29419,50152,0-1,NOR
5,A,261,260,26579,20157,0-1,NOR
5,A,244,231,24975,21997,1-0,NOR
5,A,244,231,95826,18840,0-1,NOR
5,A,244,231,28345,16377,0-1,NOR
5,A,244,231,16626,17860,0-1,NOR
5,A,174,114,48381,13921,1-0,NOR
5,A,174,114,31038,27728,½-½,NOR
5,A,174,114,23435,19993,½-½,NOR
5,A,174,114,25225,23146,1-0,NOR
5,B,703,132,71820,13464,½-½,NOR
5,B,703,132,29351,24961,½-½,NOR
5,B,703,132,14745,26970,½-½,NOR
5,B,703,132,27439,29160,0-1,NOR
5,B,727,278,23102,26917,½-½,NOR
5,B,727,278,19839,16981,½-½,NOR
5,B,727,278,20487,22774,1-0,NOR
5,B,727,278,29142,14205,0-1,NOR
5,B,230,162,26087,23353,½-½,NOR
5,B,230,162,25049,27324,½-½,NOR
5,B,230,162,29299,23502,1-0,NOR
5,B,230,162,24413,24586,0-1,NOR
5,B,703,176,95001,17988,1-0,NOR
5,B,703,176,99512,26457,1-0,NOR
5,B,703,176,16635,24109,1-0,NOR
5,B,703,176,43885,28478,1-0,NOR
5,B,121,135,24996,16158,1-0,NOR
5,B,121,135,45055,11885,1-0,NOR
5,B,121,135,20095,18038,0-1,NOR
5,B,121,135,15835,22613,0-1,NOR
5,B,182,736,25020,41076,0-1,NOR
5,B,182,736,17527,3336,0-1,NOR
5,B,182,736,25008,59960,1-0,NOR
5,B,182,736,13439,26022,1-0,NOR
5,C,364,460,24915,26280,1-0,NOR
5,C,364,460,11927,23209,1-0,NOR
5,C,364,460,43257,17480,1-0,NOR
5,C,364,460,10280,5789,0-1,NOR
5,C,340,302,65846,21843,½-½,NOR
5,C,340,302,21992,21999,1-0,NOR
5,C,340,302,40932,27244,0-1,NOR
5,C,340,302,21203,29381,0-1,NOR
5,C,313,322,22180,12629,0-1,NOR
5,C,313,322,15524,22250,½-½,NOR
5,C,313,322,21284,97058,½-½,NOR
5,C,313,322,14948,11793,0-1,NOR
5,C,422,307,10626,17299,1-0,NOR
5,C,422,307,41629,68705,½-½,NOR
5,C,422,307,98226,12340,½-½,NOR
5,C,422,307,21971,19375,1-0,NOR
5,C,301,401,18680,33618,0-1,NOR
5,C,301,401,20553,8788,1-0,NOR
5,C,301,401,22100,28576,½-½,NOR
5,C,301,401,23705,49263,0-1,NOR
5,C,309,305,89508,45063,½-½,NOR
5,C,309,305,5177,21498,½-½,NOR
5,C,309,305,27465,26552,1-0,NOR
5,C,309,305,17755,19069,½-½,NOR
5,D,364,460,4448,29108,0-1,NOR
5,D,364,460,29169,26665,1-0,NOR
5,D,364,460,29417,28834,1-0,NOR
5,D,364,460,30431,22014,1-0,NOR
5,D,340,472,10880,13277,1-0,NOR
5,D,340,472,23341,28052,0-1,NOR
5,D,340,472,22862,28918,1-0,NOR
5,D,340,472,30988,27675,1-0,NOR
5,D,422,304,13529,27510,1-0,NOR
5,D,422,304,23303,29445,1-0,NOR
5,D,422,304,29387,27818,1-0,NOR
5,D,422,304,23667,23484,1-0,NOR
5,D,301,303,26990,24311,½-½,NOR
5,D,301,303,55280,23351,½-½,NOR
5,D,301,303,51829,23090,1-0,NOR
5,D,301,303,36366,26366,½-½,NOR
5,D,401,351,15125,21873,1-0 FF,NOR
5,D,401,351,16812,19937,0-1,NOR
5,D,401,351,15120,31640,0-1,NOR
5,D,401,351,29134,10012,0-1,NOR
5,E,501,549,23021,23960,½-½,NOR
5,E,501,549,80195,97504,½-½,NOR
5,E,501,549,27591,23295,1-0,NOR
5,E,501,549,24003,27479,0-1,NOR
5,E,548,901,13468,68691,1-0,NOR
5,E,548,901,82571,69990,1-0,NOR
5,E,548,901,12610,90085,0-1,NOR
5,E,548,901,12104,26869,½-½,NOR
5,E,541,525,13586,98146,1-0,NOR
5,E,541,525,71081,22909,0-1,NOR
5,E,541,525,27198,25492,½-½,NOR
5,E,541,525,21533,25209,0-1,NOR
5,E,551,952,19971,26527,1-0,NOR
5,E,551,952,24559,20660,0-1,NOR
5,E,551,952,22087,22364,1-0,NOR
5,E,551,952,24815,25306,0-1,NOR
5,E,547,511,24051,57959,0-1,NOR
5,E,547,511,97781,70629,1-0,NOR
5,E,547,511,20068,29280,1-0,NOR
5,E,547,511,27931,28288,1-0,NOR
5,F,124,132,12709,48151,1-0,NOR
5,F,124,132,20290,11611,½-½,NOR
5,F,124,132,4669,98797,1-0,NOR
5,F,124,132,45675,32221,1-0,NOR
5,F,109,166,44563,26710,½-½,NOR
5,F,109,166,24816,28140,1-0,NOR
5,F,109,166,23329,23893,½-½,NOR
5,F,109,166,41220,27564,1-0,NOR
5,F,130,195,21767,17829,1-0,NOR
5,F,130,195,25019,23033,0-1,NOR
5,F,130,195,23877,24114,0-1,NOR
5,F,130,195,24312,28047,1-0,NOR
5,F,128,176,58335,34622,0-1,NOR
5,F,128,176,23512,50270,0-1,NOR
5,F,128,176,22760,21779,1-0,NOR
5,F,128,176,28224,1635,1-0,NOR
5,F,121,190,15928,28017,1-0,NOR
5,F,121,190,16418,10210,0-1,NOR
5,F,121,190,27184,29401,1-0,NOR
5,F,121,190,29189,29379,1-0,NOR
5,F,174,114,23026,16062,1-0,NOR
5,F,174,114,15063,18081,1-0,NOR
5,F,174,114,25352,18084,½-½,NOR
5,F,174,114,27361,21599,0-1,NOR
5,G,703,230,24131,21771,0-1,NOR
5,G,703,230,22601,26501,1-0,NOR
5,G,703,230,29136,26502,1-0,NOR
5,G,703,230,22206,24529,1-0,NOR
5,G,727,712,23217,14530,1-0,NOR
5,G,727,712,39829,11995,0-1,NOR
5,G,727,712,18881,21290,½-½,NOR
5,G,727,712,23780,59463,0-1,NOR
5,G,230,162,23984,48861,1-0,NOR
5,G,230,162,26625,21766,½-½,NOR
5,G,230,162,27036,14197,1-0,NOR
5,G,230,162,27437,19675,0-1,NOR
5,G,194,176,23311,27043,1-0,NOR
5,G,194,176,13986,20085,½-½,NOR
5,G,194,176,95697,22751,0-1,NOR
5,G,194,176,29138,23909,½-½,NOR
5,G,121,733,21853,37991,0-1,NOR
5,G,121,733,22025,13421,0-1,NOR
5,G,121,733,15787,23045,1-0,NOR
5,G,121,733,22027,43991,1-0,NOR
5,G,114,736,16762,24994,0-1,NOR
5,G,114,736,5703,14958,½-½,NOR
5,G,114,736,10204,13282,0-1,NOR
5,G,114,736,19644,16987,0-1,NOR
5,H,401,436,27502,31712,1-0,NOR
5,H,401,436,6190,37346,0-1,NOR
5,H,401,436,7102,16522,0-1,NOR
5,H,401,436,24015,24147,0-1,NOR
5,H,401,166,22884,25611,0-1,NOR
5,H,401,166,11006,27260,1-0,NOR
5,H,401,166,50245,24597,0-1,NOR
5,H,401,166,32409,54917,0-1,NOR
5,H,204,195,27543,27513,1-0,NOR
5,H,204,195,14766,28075,1-0,NOR
5,H,204,195,55549,27838,1-0,NOR
5,H,204,195,87611,25371,1-0,NOR
5,H,128,260,52710,19897,0-1,NOR
5,H,128,260,18136,42749,0-1,NOR
5,H,128,260,16771,19889,0-1,NOR
5,H,128,260,19707,29240,1-0,NOR
5,H,462,190,15026,52345,1-0,NOR
5,H,462,190,2640,98783,1-0,NOR
5,H,462,190,2127,2925,1-0,NOR
5,H,462,190,28762,10248,1-0,NOR
5,H,174,114,56294,13934,0-1,NOR
5,H,174,114,11510,14694,½-½,NOR
5,H,174,114,5525,16199,1-0,NOR
5,H,174,114,17825,16925,1-0,NOR
5,I,124,132,95604,20216,½-½,NOR
5,I,124,132,33146,24940,½-½,NOR
5,I,124,132,6050,27199,0-1,NOR
5,I,124,132,12563,13427,0-1,NOR
5,I,230,278,24987,27469,0-1,NOR
5,I,230,278,24766,28459,0-1,NOR
5,I,230,278,27680,26888,½-½,NOR
5,I,230,278,22817,26761,0-1,NOR
5,I,130,195,11592,24469,1-0,NOR
5,I,130,195,68748,26995,1-0,NOR
5,I,130,195,28437,29448,0-1,NOR
5,I,130,195,24890,28472,1-0,NOR
5,I,128,143,54046,48623,½-½,NOR
5,I,128,143,50295,8044,½-½,NOR
5,I,128,143,27015,44482,0-1,NOR
5,I,128,143,13172,95543,½-½,NOR
5,I,425,410,17445,40711,0-1,NOR
5,I,425,410,15632,26795,0-1,NOR
5,I,425,410,23725,12955,0-1,NOR
5,I,425,410,15620,29097,0-1,NOR
5,I,174,114,46281,52035,1-0,NOR
5,I,174,114,30228,22870,½-½,NOR
5,I,174,114,48968,52558,1-0,NOR
5,I,174,114,98402,28445,1-0,NOR
5,J,621,618,75329,62812,0-1 FF,NOR
5,J,621,618,26517,28865,0-1,NOR
5,J,621,618,26469,25139,0-1,NOR
5,J,621,618,60498,94714,0-1,NOR
5,J,604,712,14999,37401,1-0,NOR
5,J,604,712,29089,73393,½-½,NOR
5,J,604,712,29103,28202,1-0,NOR
5,J,604,712,29083,28856,1-0,NOR
5,J,609,810,87831,10716,0-1,NOR
5,J,609,810,15419,65722,0-1,NOR
5,J,609,810,15462,29162,1-0,NOR
5,J,609,810,13443,14790,1-0,NOR
5,J,909,814,22688,88331,1-0,NOR
5,J,909,814,99966,16964,0-1,NOR
5,J,909,814,50133,29153,0-1,NOR
5,J,909,814,77411,17093,1-0,NOR
5,J,244,811,95052,71455,1-0,NOR
5,J,244,811,34584,26870,1-0,NOR
5,J,244,811,8575,27305,0-1,NOR
5,J,244,811,7013,28161,0-1,NOR
5,J,601,601,27064,25218,½-½,NOR
5,J,601,601,72389,20509,½-½,NOR
5,J,601,601,25630,19029,1-0,NOR
5,J,601,601,63720,26020,1-0,NOR
5,K,548,228,26922,21680,0-1,NOR
5,K,548,228,26775,76325,1-0,NOR
5,K,548,228,17730,17422,½-½,NOR
5,K,548,228,24669,76317,0-1,NOR
5,K,902,514,65765,23972,1-0,NOR
5,K,902,514,13979,27540,1-0,NOR
5,K,902,514,81728,22016,½-½,NOR
5,K,902,514,16647,29372,1-0,NOR
5,K,548,901,60747,93661,1-0,NOR
5,K,548,901,94935,28298,1-0,NOR
5,K,548,901,23805,28299,1-0,NOR
5,K,548,901,83119,28641,1-0,NOR
5,K,961,521,17688,77348,1-0,NOR
5,K,961,521,19635,21535,1-0,NOR
5,K,961,521,25177,25686,1-0,NOR
5,K,961,521,22964,21529,0-1,NOR
5,K,549,953,98232,25904,½-½,NOR
5,K,549,953,74756,24499,½-½,NOR
5,K,549,953,23611,97702,½-½,NOR
5,K,549,953,23270,98517,1-0,NOR
5,L,501,520,63371,28350,0-1,NOR
5,L,501,520,62278,59048,0-1,NOR
5,L,501,520,73229,28660,0-1,NOR
5,L,501,520,70033,17115,0-1,NOR
5,L,902,514,77828,61301,½-½,NOR
5,L,902,514,26351,61948,0-1,NOR
5,L,902,514,26910,24831,0-1,NOR
5,L,902,514,28836,13053,0-1,NOR
5,L,548,901,65871,72443,1-0,NOR
5,L,548,901,24673,24251,0-1,NOR
5,L,548,901,27702,28310,0-1,NOR
5,L,548,901,27694,21360,1-0,NOR
5,L,541,525,29348,22776,1-0,NOR
5,L,541,525,84735,97627,1-0,NOR
5,L,541,525,16858,27281,1-0,NOR
5,L,541,525,12935,27222,1-0,NOR
5,L,551,518,25111,63771,1-0,NOR
5,L,551,518,68292,67971,0-1,NOR
5,L,551,518,20519,60105,1-0,NOR
5,L,551,518,83127,26439,1-0,NOR
5,L,549,953,98654,97301,0-1,NOR
5,L,549,953,27067,84930,0-1,NOR
5,L,549,953,23730,22809,0-1,NOR
5,L,549,953,23624,62570,0-1,NOR
5,M,465,436,26654,16208,0-1,NOR
5,M,465,436,12289,17122,½-½,NOR
5,M,465,436,23871,20180,1-0,NOR
5,M,465,436,22071,23853,1-0,NOR
5,M,207,472,26782,25170,0-1,NOR
5,M,207,472,26787,29338,0-1,NOR
5,M,207,472,24696,25476,½-½,NOR
5,M,207,472,27214,29048,0-1,NOR
5,M,432,404,24714,11876,½-½,NOR
5,M,432,404,25547,12160,0-1,NOR
5,M,432,404,11922,10306,½-½,NOR
5,M,432,404,25549,12839,½-½,NOR
5,M,128,401,10208,26271,1-0,NOR
5,M,128,401,24867,45900,0-1,NOR
5,M,128,401,27019,17890,0-1,NOR
5,M,128,401,24885,19865,1-0,NOR
5,M,462,401,23307,3794,1-0,NOR
5,M,462,401,96704,35891,0-1,NOR
5,M,462,401,19627,16100,½-½,NOR
5,M,462,401,38016,36111,1-0,NOR
5,M,402,471,11030,26711,1-0,NOR
5,M,402,471,22942,19553,½-½,NOR
5,M,402,471,27338,19860,1-0,NOR
5,M,402,471,27346,27336,1-0,NOR
5,N,417,228,38156,12750,0-1,NOR
5,N,417,228,17254,17614,0-1,NOR
5,N,417,228,45128,21572,0-1,NOR
5,N,417,228,29250,21306,1-0,NOR
5,N,207,278,23956,29109,1-0,NOR
5,N,207,278,23719,26820,0-1,NOR
5,N,207,278,26788,23297,1-0,NOR
5,N,207,278,26793,29199,0-1,NOR
5,N,226,239,19619,60620,1-0,NOR
5,N,226,239,58017,54232,0-1,NOR
5,N,226,239,19684,14019,1-0,NOR
5,N,226,239,29463,12898,0-1,NOR
5,N,261,209,14419,24301,0-1,NOR
5,N,261,209,36005,60468,½-½,NOR
5,N,261,209,20243,26774,0-1,NOR
5,N,261,209,28180,67164,0-1,NOR
5,N,961,231,70599,26940,½-½,NOR
5,N,961,231,21559,23765,1-0,NOR
5,N,961,231,17129,27915,1-0,NOR
5,N,961,231,28089,28954,1-0,NOR
5,N,201,230,85031,48691,1-0,NOR
5,N,201,230,68209,58645,1-0,NOR
5,N,201,230,25662,15584,1-0,NOR
5,N,201,230,28415,29260,0-1,NOR
5,O,621,618,91201,85863,0-1 FF,NOR
5,O,621,618,82384,25646,1-0,NOR
5,O,621,618,70521,24812,1-0,NOR
5,O,621,618,94501,25916,1-0,NOR
5,O,952,278,19813,27531,0-1,NOR
5,O,952,278,25302,60220,1-0,NOR
5,O,952,278,16415,14602,1-0,NOR
5,O,952,278,22933,15602,0-1,NOR
5,O,962,239,92894,97101,1-0,NOR
5,O,962,239,29301,87823,½-½,NOR
5,O,962,239,26039,27612,1-0,NOR
5,O,962,239,60542,68764,0-1,NOR
5,O,261,209,18148,75671,½-½,NOR
5,O,261,209,24637,82210,½-½,NOR
5,O,261,209,26885,97868,½-½,NOR
5,O,261,209,26459,15676,1-0,NOR
5,O,244,229,86941,26209,0-1,NOR
5,O,244,229,28412,17513,½-½,NOR
5,O,244,229,15261,57762,0-1,NOR
5,O,244,229,27878,23344,0-1,NOR
5,O,230,230,11266,26659,0-1,NOR
5,O,230,230,25384,26661,0-1,NOR
5,O,230,230,29421,15459,1-0,NOR
5,O,230,230,3841,24264,0-1,NOR
5,P,607,618,27165,13069,0-1,NOR
5,P,607,618,27840,25644,1-0,NOR
5,P,607,618,18699,27136,0-1,NOR
5,P,607,618,27373,22335,0-1,NOR
5,P,627,622,15028,97128,0-1,NOR
5,P,627,622,14658,91448,0-1,NOR
5,P,627,622,19459,23398,1-0,NOR
5,P,627,622,17634,65099,0-1,NOR
5,P,623,619,10780,70327,1-0,NOR
5,P,623,619,48895,23126,1-0,NOR
5,P,623,619,28093,16510,1-0,NOR
5,P,623,619,29264,29333,1-0,NOR
5,P,714,811,14427,,,NOR
5,P,714,811,38890,27966,1-0,NOR
5,P,714,811,22770,27949,1-0,NOR
5,P,714,811,19478,26907,½-½,NOR
5,P,601,666,28512,70378,0-1,NOR
5,P,601,666,21597,81833,½-½,NOR
5,P,601,666,14915,63762,1-0,NOR
5,P,601,666,26791,83224,1-0,NOR
5,Q,438,278,21456,23177,1-0,NOR
5,Q,438,278,22875,17413,1-0,NOR
5,Q,438,278,24702,26843,0-1,NOR
5,Q,438,278,23908,23092,0-1,NOR
5,Q,313,436,2984,21017,1-0,NOR
5,Q,313,436,24807,17594,1-0,NOR
5,Q,313,436,23375,11899,½-½,NOR
5,Q,313,436,26825,23082,1-0,NOR
5,Q,422,548,26948,63134,0-1,NOR
5,Q,422,548,11465,85901,0-1,NOR
5,Q,422,548,15562,91472,1-0,NOR
5,Q,422,548,23668,20799,0-1,NOR
5,Q,475,303,24903,15670,1-0,NOR
5,Q,475,303,47341,27656,1-0,NOR
5,Q,475,303,16129,20029,1-0,NOR
5,Q,475,303,8931,27544,1-0,NOR
5,Q,541,430,15750,46639,½-½,NOR
5,Q,541,430,29449,44229,½-½,NOR
5,Q,541,430,13687,15007,0-1,NOR
5,Q,541,430,29451,22952,½-½,NOR
