ctx,key,en,nl,fr,de
arc,abbrev,Abbreviation,Afkorting,Abréviation,Abkürzung
arc,archive_note,"The Belgian ELO archive is historical and runs up to July 2026. For the most recent FIDE game history and rating calculations, please refer to the player's FIDE profile.","Het Belgisch ELO-archief is historisch en loopt tot juli 2026. Voor de meest recente FIDE-speelgeschiedenis en ratingberekeningen, raadpleeg het FIDE-profiel van de speler.","L'archive ELO belge est historique et s'étend jusqu'en juillet 2026. Pour l'historique FIDE le plus récent et les calculs de classement, consultez le profil FIDE du joueur.",Das belgische ELO-Archiv ist historisch und läuft bis Juli 2026. Für die aktuellste FIDE-Spielhistorie und Ratingberechnungen besuchen Sie bitte das FIDE-Profil des Spielers.
arc,back_to_clubs,Back to clubs,Terug naar clubs,Retour aux clubs,Zurück zu Vereinen
arc,back_to_search,Back to search,Terug naar zoeken,Retour à la recherche,Zurück zur Suche
arc,birthdate,Birthdate,Geboortedatum,Date de naissance,Geburtsdatum
arc,birthyear,Birth Year,Geboortejaar,Année de naissance,Geburtsjahr
arc,black,Black,Zwart,Noir,Schwarz
arc,club_id,Club Number,Clubnummer,Numéro du club,Vereinsnummer
arc,club_name,Club Name,Clubnaam,Nom du club,Vereinsname
arc,club_players_count,Active Members,Ledental,Membres actifs,Aktive Mitglieder
arc,color,Color,Kleur,Couleur,Farbe
arc,date,Date,Datum,Date,Datum
arc,elo_evolution,ELO rating evolution,Verloop ELO-rating,Évolution du classement ELO,ELO-Entwicklung
arc,game_history,Game History,Partijhistoriek,Historique des parties,Partiehistorie
arc,game_nr,Game No.,Partijnr.,N° de partie,Partienummer
arc,gender,Gender,Geslacht,Genre,Geschlecht
arc,last_elo,Last ELO,Laatste ELO,Dernier ELO,Letzte ELO
arc,latest_game,Latest Game,Laatste partij,Dernière partie,Letzte Partie
arc,loading,Loading...,Laden...,Chargement...,Laden...
arc,member_id,Stamnummer,Stamnummer,Matricule,Mitgliedsnummer
arc,nationality,Nationality,Nationaliteit,Nationalité,Nationalität
arc,no_clubs,No clubs found.,Geen clubs gevonden.,Aucun club trouvé.,Keine Vereine gefunden.
arc,no_results,No players found.,Geen spelers gevonden.,Aucun joueur trouvé.,Keine Spieler gefunden.
arc,opponent,Opponent,Tegenstander,Adversaire,Gegner
arc,period,Period,Periode,Période,Periode
arc,player_name,Name,Naam,Nom,Name
arc,players_count,players,spelers,joueurs,Spieler
arc,rating,Rating,Rating,Classement,Wertung
arc,regions_tab,Regions,Regio's,Régions,Regionen
arc,result,Result,Resultaat,Résultat,Ergebnis
arc,search_btn,Search,Zoeken,Rechercher,Suchen
arc,search_club_placeholder,Search club name or number...,Zoek clubnaam of clubnummer...,Rechercher par nom ou numéro de club...,Vereinsname oder Vereinsnummer suchen...
arc,search_club_tab,Search Club,Club zoeken,Rechercher un club,Verein suchen
arc,search_placeholder,Search player name or stamnummer...,Zoek spelersnaam of stamnummer...,Rechercher un nom ou un matricule...,Spielername oder Mitgliedsnummer suchen...
arc,search_player_tab,Search Player,Speler zoeken,Rechercher un joueur,Spieler suchen
arc,selected_club,Selected Club,Geselecteerde club,Club sélectionné,Ausgewählter Verein
arc,title,ELO Archive & Game History,ELO-archief & Partijhistoriek,Archives ELO & Historique des parties,ELO-Archiv & Partiehistorie
arc,total_games,Total Games,Aantal partijen,Nombre de parties,Anzahl der Partien
arc,tournament,Tournament,Toernooi,Tournoi,Turnier
arc,unknown_opponent,Unknown opponent,Onbekende tegenstander,Adversaire inconnu,Unbekannter Gegner
arc,unknown_opponent_hint,"The opponent's name wasn't kept in the source data. This is usually a foreign or FIDE-rated tournament, where only the opponent's rating was recorded, not their name. These games still counted toward the ELO.","De naam van de tegenstander werd niet in de brongegevens bewaard. Dit is meestal een buitenlands of FIDE-toernooi, waarbij alleen de rating van de tegenstander werd bewaard, niet zijn naam. Deze partijen telden wel degelijk mee voor de ELO.","Le nom de l'adversaire n'a pas été conservé dans les données sources. Il s'agit généralement d'un tournoi étranger ou homologué FIDE, où seul le classement de l'adversaire a été enregistré, pas son nom. Ces parties comptaient bel et bien pour le classement ELO.","Der Name des Gegners wurde in den Quelldaten nicht gespeichert. Meist handelt es sich um ein ausländisches oder FIDE-gewertetes Turnier, bei dem nur die Wertungszahl des Gegners erfasst wurde, nicht sein Name. Diese Partien zählten dennoch für die ELO-Wertung."
arc,white,White,Wit,Blanc,Weiß
icn,1group,1 group,1 groep,1 groupe,1 Gruppe
icn,1series,In 1 series,In 1 reeks,En une seule série,In 1 Einzelserie
icn,2groups,2 opposite groups,2 tegengestelde groepen,2 groupes opposés,2 entgegengesetzte Gruppen
icn,board,board,bord,échiquier,Brett
icn,dist,Distribution,Verdeling,Distribution,Verteilung
icn,div,Division,Divisie,Division,Division
icn,enr,Enrollment,Inschrijving,Inscription,Anmeldung
icn,enr_closed,The management of the enrollement is currently unavailable,Het beheer van de inschrijving is momenteel niet beschikbaar,La gestion de l'enregistrement est actuellement indisponible,Die Registrierungsverwaltung ist derzeit nicht verfügbar
icn,exist_enr,Existing enrollment,Bestaande inschrijving,Inscription existante,Bestehende Anmeldung
icn,get_enr_failed,Getting existing enrollment failed,Het ophalen van de bestaande inschrijving is mislukt,Échec de l'obtention de l'inscription existante,Das Abrufen der vorhandenen Registrierung ist fehlgeschlagen
icn,grouping,Grouping,Groepering,Regroupement,Gruppierung
icn,mult_series,In multiple series,In meerdere reeksen,En plusieurs séries,In mehrere Serien
icn,name_club,Name of the club as shown in results and pairings,Naam van de club zoals weergegeven in uitslagen en standen,Nom du club tel qu'indiqué dans les résultats et le classement,"Name des Vereins, wie in den Ergebnissen und der Rangliste angezeigt"
icn,nopref,No preference,Geen voorkeur,Pas de préférence,keine Präferenz
icn,not_enrolled,The club is not enrolled yet,De club is nog niet ingeschreven,Le cercle n'est pas encore inscrit,Der Verein ist noch nicht registriert
icn,other_wishes,Other wishes,Andere wensen,Autres souhaits,Andere Wünsche
icn,perm_denied,Permission denied,Geen toestemming,Permission refusée,Erlaubnis verweigert
icn,plan_avgelohigh,Average Elo too high,Gemiddelde Elo te hoog,ELO moyen trop élevé,Durchschnittliche ELO zu hoch
icn,plan_invalidplayerorder,Invalid team order,Ongeldige ploegvolgorde,Ordre d'équipe invalide,Ungültige Reihenfolge der Mannschaft
icn,plan_ratingtoohigh,FIDE-rating too high,FIDE-rating te hoog,FIDE-rating trop élevé,FIDE-Rating zu hoch
icn,plan_reservewrongteam,Substitute in wrong team,Reserve in het verkeerde team,Réserve dans la mauvaise équipe,Reserve im falschen Team
icn,plan_titularwrongteam,Titular in wrong team,Titularis in het verkeerde team,Titulaire dans la mauvaise équipe,Titularspieler im falschen Team
icn,plan_valerror,Validation error in planning,Validatiefout bij planning,Erreur de validation dans la planification,Validierungsfehler bei der Planung
icn,planning_closed,The management of the planning is currently unavailable,Het beheer van de planning is momenteel niet beschikbaar,La gestion du planning est actuellement indisponible,Die Verwaltung der Planung ist derzeit nicht verfügbar
icn,pll_add,Add to playerlist,Aan spelerlijst toevoegen,Ajouter à la liste de force,Zur Spielerliste hinzufügen
icn,pll_assign,Assign player to playerlist,Speler toewijzen aan spelerslijst,Ajouter un joueur à la liste de force,Spieler zur Spielerliste hinzufügen
icn,pll_assigned_elo,Currently assigned Elo,Huidige toegewezen Elo,Elo actuellement attribué,Derzeit zugewiesenes Elo
icn,pll_closed,The management of the player list is currently unavailable,Het beheer van de spelerlijst is momenteel niet beschikbaar,La gestion de la liste de force est actuellement indisponible,Die Verwaltung der Spielerliste ist derzeit nicht verfügbar
icn,pll_double_elo,Elo assigned to more than 1 player,Elo toegewezen aan meer dan 1 speler,Elo attribué à plus d'un joueur,Elo wird mehr als einem Spieler zugewiesen
icn,pll_edit_elo,Edit assigned Elo,Toegewezen Elo aanpassen,Ajuster l'Elo attribué,Anpassen den zugewiesenen Elo
icn,pll_edit_titular,Edit titular,Titularis bewerken,Modifier le titulaire,Anpassen den Titular
icn,pll_import,Import,Importeren,Importer,Importieren
icn,pll_import_assign,Import and assign,Importeren en toewijzen,Importer et affectuer,Importieren und zuweisen
icn,pll_import_available,There are members of your club that are not yet on this playerlist. You can import these members and assign them as a player for Interclubs or you can import them and leave them unassigned. You can always assign or unassign members until the closing of the playerlist.,"Er zijn leden van je club die nog niet op de spelerslijst staan. Je kunt deze leden importeren en toewijzen als speler voor Interclubs, of je kunt ze importeren en niet-toegewezen laten. Je kunt altijd leden toewijzen of verwijderen tot de spelerslijst wordt afgesloten.","Certains membres de votre club ne figurent pas encore sur la liste de force. Vous pouvez les importer et les affecter aux Interclubs, ou les importer sans les affecter. Vous pouvez toujours affecter ou désaffecter des membres jusqu'à la fermeture de la liste de force.","Es gibt Mitglieder Ihres Clubs, die noch nicht auf dieser Spielerliste stehen. Sie können diese Mitglieder importieren und ihnen einen Platz als Spieler für Interclubs zuweisen oder sie importieren und ohne Zuweisung lassen. Sie können Mitgliedern bis zum Schließen der Spielerliste jederzeit einen Platz zuweisen oder diesen wieder entziehen."
icn,pll_import_only,Import only,Enkel importeren,Importer uniquement,Nur importieren
icn,pll_mindiv,Min. div.,Min. Afd.,Div. min.,Min. Abt.
icn,pll_notit,No titular,Geen titularis,Pas de titulaire,kein Titular
icn,pll_notregistered,"This club is not registered for Interclubs 2025-26, so your playerlist can only  contain transfers to another club, that is registered. You can transfer all the members at once to one club. Or you can just import the members and transfer them individually in a 2nd stage. Until the closing of the playerlist, you can do and undo any transfers.","Deze club is niet geregistreerd voor de Interclubs 2025-26, dus de spelerslijst kan alleen transfers bevatten naar een andere club die wel geregistreerd is. Je kunt alle leden in één keer naar één club transfereren. Of je kunt de leden importeren en ze in een tweede fase een voor een overzetten. Tot de spelerslijst afgesloten wordt, kun je transfers uitvoeren en ongedaan maken.",Ce club n'est pas inscrit aux Interclubs 2025-26 ; la liste de force ne peut donc contenir que des transferts vers un autre club inscrit. Vous pouvez transférer tous les membres simultanément vers un seul club. Vous pouvez également importer les membres et les transférer individuellement lors d'une deuxième étape. Vous pouvez effectuer et annuler tous les transferts jusqu'à la clôture de la liste de force.,"Dieser Verein ist nicht für die Interclubs 2025-26 registriert, daher kann die Spielerliste nur Transfers zu einem anderen Verein enthalten, der registriert ist. Sie können alle Mitglieder auf einmal zu einem Verein transferieren. Oder Sie können die Mitglieder importieren und sie in einem zweiten Schritt einzeln übertragen. Bis zum Abschluss der Spielerliste können Sie Transfers durchführen und rückgängig machen."
icn,pll_tit,Titular,Titularis,Titulaire,Titularspieler
icn,pll_transfer,Transfer,Transfereren,Transférer,Transferieren
icn,pll_transfer_pl,Transfer a player to another club,Een speler naar een andere club transfereren,Transférer un joueur vers un autre club,Einen Spieler zu einem anderen Verein transferieren
icn,pll_transferall,Transfer all members,Alle leden transfereren,Transférer tous les membres,Alle Mitglieder transferieren
icn,pll_unassign,Unassign,Toewijzing opheffen,Annuler l'affectation,Zuweisung aufheben
icn,pll_unassigning,Unassigning a player from the playerlist,De toewijzing van een speler opheffen,Annuler l'affectation d'un joueur de la liste de force,Einen Spieler aus der Spielerliste entfernen
icn,pll_undo_transfer,Undo transfer,Transfer opheffen,Annuler le transfer,Übertragung rückgängig machen
icn,reg_pref,Regional preferences,Regionale voorkeuren,Préférences régionales,Regionale Präferenzen
icn,res_overwrite,Overwrite,Overschrijven,Remplacer,überschreiben
icn,res_overwritebutton,Overwrite result,Resultaat overschrijven,Remplacer le résultat,Ergebnis überschreiben
icn,res_overwriteconfirm,Do you confirm to ovewrite the result?,Bevestig je dat je het resultaat wil overschrijven?,Confirmez-vous que vous souhaitez remplacer le résultat ?,"Bestätigen Sie, dass Sie das Ergebnis überschreiben möchten?"
icn,res_overwriteinfo,"The opponent and the tournament director will be informed, if you overwrite the result.","De tegenstander en de toernooileider worden verwittigd, als je het resultaat overschrijft.",L'adversaire et le directeur du tournoi seront informés si vous remplacez le résultat.,"Der Gegner und der Turnierleiter werden informiert, wenn Sie das Ergebnis überschreiben."
icn,res_overwritetitle,Overwrite result:,Resultaat overschrijven:,Remplacer le résultat:,Ergebnis überschreiben:
icn,results_closed,The management of the results is currently unavailable,Het beheer van de resultaten is momenteel niet beschikbaar,La gestion des résultats est actuellement indisponible,Die Ergebnisverwaltung  ist derzeit nicht verfügbar
icn,rounds,Rounds,Ronden,Ronden,Runden
icn,save_enr_fail,Saving enrollment failed,Opslaan inschrijving mislukt,Enregistrément échoué,Speichern Registrierung fehlgeschlagen
icn,save_enr_ok,Saving enrollment OK,Opslaan inschrijving OK,Inscription bien enregistré,Speichern Registrierung OK
icn,select_club,Please select a club,Selecteer een club,Veuillez sélectionner un club,Bitte wählen Sie einen Verein aus
icn,team_name,"You can define a name for your club when the results and standings are displayed. As a default, your clubname is used.",U kunt een naam voor uw club definiëren wanneer de resultaten en standen worden weergegeven.  Standaard wordt je clubnaam gebruikt.,"Vous pouvez définir un nom pour votre club lors de l'affichage des résultats et du classement. Par défaut, le nom de cercle est utilisé.","Sie können einen Namen für Ihren Verein festlegen, wenn die Ergebnisse und Tabellen angezeigt werden. Standardmäßig wird Ihr Vereinsname verwendet."
icn,teams,Teams,Teams,Equipes,Mannschaften
icn,teams_distr,Distribution of teams in same division,Verdeling van teams in dezelfde afdeling,Répartition des équipes dans la même division,Verteilung der Teams in derselben Division
icn,teams_div,Teams in division,Teams in divisie,Equipes en division,Mannschaften in der Division
icn,teams_grouped,Teams grouped by pairing number,Teams gegroepeerd per paringsnummer,Equipes regroupées par numéro d'appariement,Teams gruppiert nach Paarung-Nummer
icn,teams_nb_div,Number of teams per division,Aantal teams per divisie,Nombre d'équipes par division,Anzahl der Teams pro Division
icn,ven_1,Venue,Speellokaal,La salle de jeu,Spielort
icn,ven_2,Venues,Speellokalen,Les salles de jeu,Spielorte
icn,ven_add,Add a venue,Speellokaal toevoegen,Ajouter une salle de jeu,Spielort hinzufügen
icn,ven_closed,The management of the planning is currently unavailable,Het beheer van de speelzalen is momenteel niet beschikbaar,La gestion de la liste des salles de jeu est actuellement indisponible,Die Verwaltung der Spielräume ist derzeit nicht verfügbar
icn,ven_notdefined,No interclub venue is defined yet,Er is nog geen interclublokaal gedefinieerd,Aucune salle de jeux n'est encore définie,Es ist noch kein Interclub-Spielort definiert
icn,ven_parking,Parking,Parking,Parking,Parken
icn,ven_round_avail,Available for the ounds,Beschikbaar op ronden,Disponibles aux rondes,Verfügbar in den Runden
icn,ven_round_sel,Only the rounds,Enkel de ronden,Seulememt les rondes,Nur die Runden
icn,ven_save,Save Venues,Speellokalen opslaan,Enregistrer les salles de jeux,Spielorte speichern
icn,ven_save_fail,Saving venues failed,Opslaan speellokalen mislukt,Sauvegarder les salles de jeu échoué,Speichern Spielorte fehlgeschlagen
icn,ven_save_ok,Saving venues OK,Opslaan speellokalen OK,Les salles de jeu sont bien enregistrées,Speichern Spielorte OK
icn,ven_team_sel,Only teams,Enkel teams,Seulememt les équipes,Nur die Mannschaften
icn,ven_teams_avail,Teams using the venue ,Teams die het lokaal gebruiken,Equipes qui utilisent la salle,"Mannschaften, die den Spielorte nutzen"
icn,ven_wheelchair,Wheelchair accessible,Toegankelijk voor rolstoel,Accessible aux fauteuils roulants,Barrierefrei
icn,wishes,Wishes,Wensen,Vœux,Wünsche
odoo,login,You sign in with your account of the new member management system (Odoo) ,Je meldt je aan met je account van het nieuwe ledenbeheersysteem (Odoo).,Vous vous connectez avec votre compte du nouveau système de gestion des membres (Odoo).,Sie melden sich mit Ihrem Konto des neuen Mitgliederverwaltungssystems (Odoo) an.
odoo,lostpassword,Password lost?,Wachtwoord kwijt?,Mot de passe oublié ?,Passwort vergessen?
odoo,noaccount,No Odoo account yet?,Nog geen Odoo account?,Pas encore de compte Odoo?,Noch kein Odoo-Konto?
,Access Rights,Access Rights,Toegangsrechten,Droits d'accès,Zugangsrechte
,Actions,Actions,Acties,Actions,Aktionen
,Active players of club,Active players of club,Actieve clubspelers,Joueurs actifs du club,Aktive Spieler des Vereins
,Add a transfer from a club,Add a transfer from a club,Een transfer vanaf een club toevoegen,Ajouter un transfert depuis un club,Fügen Sie einen Transfer hinzu
,Add to playerlist,Add to playerlist,Toevegen aan spelerslijst,Ajouter à la liste de force,Zur Spielerliste hinzufügen
,Add transfer to a club,Add transfer to a club,Trnasfer naar een club toevoegen,Ajouter un transfert à un club,Transfer zu einem Verein hinzufügen
,Address,Address,Adres,Adresse,Adresse
,Administration,Administration,Beheer,Administration,Administration
,Affiliations,Affiliations,Aanslutingen,Affiliations,Zugehörigkeiten
,Affiliations manager,Affiliations manager,Verantwoordelijke aansluitingen,Responsable des affiliations,Verantwortliche Zugehörigkeiten
,All rounds,All rounds,Alle ronden,Toutes les rondes,Alle Runden
,All teams,All teams,Alle teams,Toutes les équipes,Alle Mannschaften
,Announcements,Announcements,Meldingen,Annonces,Ankündigungen
,"As such, for this interclub season, it can transfer it members to other clubs.","As such, for this interclub season, it can transfer it members to other clubs.",Als zodanig kan het voor dit interclubseizoen zijn leden overdragen aan andere clubs.,"A ce titre, pour cette saison interclubs, il peut transférer ses membres vers d'autres clubs.",Als solcher kann er für diese Interclub-Saison seine Mitglieder zu anderen Clubs transferieren.
,Assigned Rating,Assigned Elo,Toegewezen Elo,Elo attribué,Zugewiesenes Elo
,Availability,Availability,Beschikbaarheid,Disponibilité,Verfügbarkeit
,Average ELO,Average ELO,Gemiddelde ELO,Moyenne ELO,durchschnittlicher ELO
,Average ELO home,Average ELO home,Elo-gemiddelde thuis,Elo moyenne domicile,Durchschnittliches ELO Heim
,Average ELO visit,Average ELO away,Elo-gemiddelde uit,Elo moyenne extérieur,Durchschnittliches ELO Auswärts
,away,Away,Uit,Extérieur,Auswährt
,Back,Back,Terug,Retour,Zurück
,Bank account BIC,Bank account BIC,Bankrekening BIC,BIC du compte bancaire,Bankkonto-BIC
,Bank account IBAN,Bank account IBAN,Bankrekening IBAN,IBAN du compte bancaire,Bankkonto-IBAN
,Bank account name,Bank account name,Naam bankrekening,nom du compte bancaire,Bankkontoname
,Bank details,Bank details,Bankgegevens,coordonnées bancaires,Bank details
,bar_manager,bar manager,barmanager,gestionnaire du bar,Barleiter
,BC Adults,BC Adults,BK volwassenen,CB adultes,BLM Erwachsene
,BC Blitz,BC Blitz,BK Blitz,CB Blitz,BLM Blitz
,BC Rapid,BC Rapid,BK Rapid,CB Rapid,BLM Rapid
,BC School chess,BC School chess,BC Schoolschaak,CB inter-écoles,BLM Schulschah
,BC Youth,BC Youth,BK Jeugd,CB Jeunesse,BLM Jugend
,Board,Board,Bestuur,Organe d'administration,Verwaltungsrat
,Board members,Board members,Bestuursleden,Administrateurs,Vorstandsmitglieder
,Book 100 years,Book 100 years,Boek 100 jaar,Livre 100 ans,Buch 100 Jahre
,Calendar,Calender,Kalender,Calendrier,Kalender
,Cancel,Cancel,Annuleren,Annuler,Absagen
,Capacity (boards),Capacity (boards),Capaciteit (borden),Capacité (échiquiers),Kapazität (Schachbretter)
,Chess equiment,Chess equiment,Schaakmateriaal,Equipement d'échecs,Schachausrüstung
,Click on the value of assigned rating to change it,Click on the value of assigned rating to change it,Klik op de waarde van de toegewezen Elo om deze te wijzigen,Cliquez sur la valeur de l'ELO attribué pour la modifier,"Klicken Sie auf den Wert der zugewiesenen Elo, um ihn zu ändern"
,Closing time for modifying the playerlist,Closing time for modifying the playerlist,Sluitingstijd voor het wijzigen van de spelerslijst,Heure de fermeture pour modifier la liste de force,Schließungszeit für die Änderung der Spielerliste
,Club,Club,Club,Cercle,Verein
,Club administrators,Club administrators,Clubbeheerders,Administrateurs du cercle,Vereinsadministratoren
,Club details,Club details,Clubgegevens,Détails du club,Vereinsdaten
,Club number,Club number,Clubnummer,Numéro de club,Clubnummer
,Club saved,Club saved,Club bewaard,Cercle sauvé,Verein gespeichert
,Club venue,Club venue,Clublokaal,Lieu du club,Ort des Clubs
,Clubs,Clubs,Clubs,Cercles,Vereine
,Collaborator,Collaborator,Medewerker,Collaborateur,Mitarbeiter
,Committees,Committees,Commissies,Commissions,Ausschüsse
,Communication manager,Communication manager,Communicatiemanager,Responsable de la communication,Kommunikationsmanager
,Competitions,Competitions,Competities,Compétitions,Wettbewerbe
,Confirm,Confirm,Bevestigen,Confirmer,Bestätigen
,Confirmation,Confirmation,Bevestiging,Confirmation,Bestätigung
,Confirmed,Confirmed,Bevestigd,Confirmé,Bestätigt
,Connectiom issue: server unreachable,Connectiom issue: server unreachable,Verbindingsprobleem: server niet bereikbaar,Problème de connexion : serveur inaccessible,Verbindungsproblem: Server nicht erreichbar
,Consulting access rights,Consulting access rights,Toegangsrechten raadplegen,Consulter les droits d'accès,Zugriffsrechte abfragen
,Consulting club details,Consulting club details,Clubdetails raadplegen,Consulter les details du cercle,Vereinsdetails abfragen
,Contact,Contact,Contact,Contact,Kontakt
,Contact details,Contact details,Contactdetails,Détails de contact,Kontaktdetails
,Continue,Continue,Verder,Continuer,Weiter
,Cost,Cost,Kost,Coût,Kosten
,Dates,Dates,Data,Dates,Daten
,Define order,Define order,Bepaal volgorde,Définir l'ordre,Reihenfolge definieren
,Define players,Define players,Definieer spelers,Définir les joueurs,Spieler definieren
,Define teams,Define teams,Bepaal teams,Définir les équipes,Teams definieren
,Define the incoming and outgoing transfers.,Define the incoming and outgoing transfers.,Bepaal de inkomende en uitgaande transfers.,Définir les transferts entrants et sortants.,Definieren Sie die eingehenden und ausgehenden Transfers.
,Define the order of the players in the list.,Define the order of the players in the list.,Bepaal de volgorde van de spelers in de lijst.,Définir l'ordre des joueurs dans la liste.,Definieren Sie die Reihenfolge der Spieler in der Liste.
,Define the titulars per team,Define the titulars per team,BEpaal titularissen per ploeg,Définir les titulaires par équipe,Definieren Inhaber  für Teams
,Define transfers,Define transfers,Definieer transfers,Définir les transferts,Transfers definieren
,Define who are the players on the list.,Define who are the players on the list.,Bepaal wie de spelers op de lijst zijn.,Définir qui sont les joueurs sur la liste.,"Definieren Sie, wer die Spieler auf der Liste sind."
,Delivery,Delivery,Levering,Livraison,Lieferung
,Details,Details,Details,Détails,Details
,Distribution points,Distribution points,Verdeelpunten,Points de distribution,Verteilungspunkte
,Dutch,Dutch,Nederlands,Néerlandais,Niederländisch
,E-mail,E-mail,E-mail,E-mail,E-mail
,Edit,Edit,Wijzigen,Modifier,Bearbeiten
,ELO processing,ELO processing,ELO-verwerking,Traitement ELO,ELO Verarbeitung
,Elo too high,Elo too high,Elo te laag,Elo top haut,Elo zu hoch
,Elo too low,Elo too low,Elo te laag,Elo trop bas,Elo zu niedrig
,ELO tournaments,ELO tournaments,ELO toernooien,Tournois Elo,ELO Turniere
,Email,Email,E-mail,E-mail,E-Mail
,Email address,Email address,E-mailadres,Adresse e-mail,E-mailadresse
,Email address administration,Email address for administration,E-mailadres voor administratie,Adresse e-mail de l'administration,E-Mail-Adresse für die Verwaltung
,Email address finance,Email address for finance,E-mailadres voor financiën,Adresse e-mail pour les finances,E-Mail-Adresse für Finanzen
,Email address Interclub,Email address for Interclub,E-mailadres voor Interclub,Adresse e-mail pour les Interclubs,E-Mail-Adresse für Interclub
,Email address venue,Email address venue,E-mailadres speelzaal,Adresse e-mail de la salle de jeu,E-Mail-Adresse des Veranstaltungsortes
,Email addresses,Email addresses,E-mailadressen,Adresses e-mail,E-mailadressen
,Entry of the results starts on Sunday at 15h,Entry of the results starts on Sunday at 15h,Het ingeven van de resultaten start zondag om 15u,La saisie des résultats commence dimanche à 15h,Die Eingabe der Ergebnisse beginnt am Sonntag um 15 Uhr
,Export,Export,Exporteren,Exporter,Exportieren
,Export all players,Export all players,Exporteer alle spelers,Exporter tous les joueurs,Alle Spieler exportieren
,Exporting a player to another club,Exporting a player to another club,Een speler exporteren naar een andere club,Exporter un joueur vers un autre club,Einen Spieler zu einem anderen Verein exportieren
,Federation,Federation,Federatie,Fédération,Föderation
,First name,First name,Voornaam,Prénom,Vorname
,French,French,Frans,Français,Französisch
,Friday,Friday,Vrijdag,Vendredi,Freitag
,From club,From club,Van club,Du club,Vom Verein
,G License,G License,G Licentie,Licence G,G Lizenz
,GDPR,GDPR,GDPR,RGPD,GDPR
,German,German,Duits,Allemand,Deutsch
,Getting club details failed,Getting club details failed,Het ophalen van clubgegevens is mislukt,Échec de l'optention des détails du club,Abrufen der Clubdetails fehlgeschlagen
,Getting club members failed,Getting club members failed,Het ophalen van clubleden is mislukt,Échec de l'obtention des membres du club,Abrufen der Mitglieder fehlgeschlagen
,Getting clubs failed,Getting clubs failed,Het ophalen van clubs is mislukt,Échec de l'obtention des clubs,Abrufen der Vereine fehlgeschlagen
,Goal,Goal,Doel,But,Ziel
,Hidden,Hidden,Verborgen,Caché,Versteckt
,Home,Home,Home,Accueil,Startseite
,home,Home,Thuis,Domicile,Heim
,Honorary members,Honorary members,Ereleden,Membres d'honneur,Ehrenmitglieder
,Honorary president,Honorary president,Erevoorzitter,Président d'honneur,Ehrenpräsident
,ID number,ID number,Stamnummer,Matricule,ID-Nummer
,Identity,Identity,Identiteit,Identité,Identität
,Incoming transfers,Incoming transfers,Inkomende transfers,Transfrets entrants,Eingehende Trnasfers
,Informations utiles,Informations utiles,Nuttige informatie,Informations utiles,Nützliche Informationen
,Interclub Administrators,Interclub Administrators,Interclubbeheerders,Administrateurs interclubs,Interclub-Administratoren
,Interclub Captains,Interclub Captains,Interclubkapiteinen,Capitaines interclubs,Interclub-Kapitäne
,Interclub venue saved,Interclub venue saved,Speelzaal Interclubs opgeslagen,Salle de jeux des Interclubs sauvegardé,Interclubs-Veranstaltungsort gespeichert
,Interclub venues,Interclub venues,Speellokalen Interclub,Salles de jeux Interclubs,Interclub-Spielorte
,interclub_director,interclub director,Interclubverantwoordlijke,directeur d'interclubs,Interclubleiter
,Internal rules,Internal rules,Intern reglement,Règlement interne,interne Regulierung
,International,International,Internationaal,International,International
,International competitions,International competitions,Internationale competities,Compétitions internationales,Internationale Wettbewerbe
,Intro,Intro,Intro,Intro,Intro
,Intro Player List,Intro Player List,Intro Spelerslijst,Intro liste de force,Intro-Spielerliste
,Last name,Last name,Familienaam,Nom,Nachname
,Loading members ... Please wait,Loading members ... Please wait,Leden aan het laden ... Even geduld aub,Chargement des membres... Veuillez patienter,Mitglieder werden geladen ... Bitte warten
,Loading...,Loading...,Laden...,Chargement...,Wird geladen...
,Long name,Long name,Lange naam,Nom long,Langer Name
,Main email address,Main email address,Hoofd e-mailadres,Adresse e-mail principale,Haupt-E-Mail-Adresse
,Manager international selections,Manager international selections,Manager internationale selecties,Responsable sélections internationales,Manager internationale Auswahlen
,Mandated persons,Mandated persons,Gemandateerden,Personnes mandatées,Mandierte Personen
,material_manager,material manager,materiaalverantwoordelijke,gestionnaire de matérial,Materialmanager
,Members,Members,Leden,Membres,Mitglieder
,Mobile,Mobile,GSM,GSM,Handy
,Mobile phone,Mobile phone,GSM,GSM,Handy
,Modify,Modify,Wijzigen,Modifier,Ändern
,Modify access rights,Modify access rights,Toegangsrechten wijzigen,Modifier les droits d'accès,Zugriffsrechte ändern
,Modify club,Modify club,Club wijzigen,Modifier cercle,Verein ändern
,Modify playerlist again,Modify playerlist again,Spelerlijst opnieuw wijzigen,Modifier à nouveau la liste de force,Ändern Sie die Spielerliste erneut
,Modify venues,Modify venues,Lokalen wijzigen,Modifier salles de jeux,Orte ändern
,Monday,Monday,Maandag,Lundi,Montag
,More,More,Meer,Plus,Mehr
,Name,Name,Naam,Nom,Name
,No,No,Nee,Non,Nein
,No incoming transfers,No incoming transfers,No incoming transfers,Aucun transfert entrant,Keine eingehenden Überweisungen
,No outgoing transfers,No outgoing transfers,Geen uitgaande transfers,Pas de transferts sortants,Keine ausgehenden Transfers
,Not available,Not available,Niet beschikbaar,Indisponible,Nicht verfügbar
,Not available yet,Not available yet,Nog niet beschikbaar,Pas encore disponible,Zurzeit nicht verfügbar
,Not enough titulars,Not enough titulars,Niet voldoende titularissen,Pas assez de titulaires,Nicht genügend Titularen
,not on the playerlist.,not on the playerlist.,niet op de spelerslijst.,pas sur la liste de force.,nicht auf der Spielerliste.
,OK,OK,OK,d'accord,OK
,Ombudsman,Ombudsman,Ombudsman,Médiateur,Ombudsmann
,Optional,Optional,Optioneel,Optionel,Optional
,Optionally,Optionally,Optioneel,En option,Optional
,Order created successfully,Order created successfully,Bestelling succesvol aangemaakt,Commande créée avec succès,Bestellung erfolgreich erstellt
,Order of players,Order of players,Volgorde van spelers,Ordre des joueurs,Reihenfolge der Spieler
,Order the players by adjusting the assigned rating.,Order the players by adjusting the assigned rating.,Rangschik de spelers door de toegekende rating aan te passen.,Triez les joueurs en ajustant la note attribuée.,"Ordnen Sie die Spieler, indem Sie den zugewiesene Elo anpassen."
,Ordering form,Ordering form,Bestelformulier,Formulaire de commande,Bestellformular
,Ordering the book 100 years of Belgian chess history,Ordering the book 100 years of Belgian chess history,Bestellen boek 100 jaar Belgische schaakgeschiedenis,Commander le livre 100 ans d'histoire des échecs en Belgique,Bestellung des Buches 100 Jahre Belgische Schachgeschichte
,Outgoing transfers,Outgoing transfers,Uitgaande transfers,Transferts sortants,Ausgehende Transfers
,Own players on the playerlist,Own players on the playerlist,Eigen spelers op de spelerslijst,Propres joueurs sur la liste de force,Eigene Spieler auf der Spielerliste
,Password,Password,Wachtwoord,Mot de passe,Passwort
,Planning,Planning,Planning,Planification,Planung
,Played,Played,Gespeeld,Joué,Gespielt
,Player,Player,Speler,Joueur,Spieler
,Player home,Player home,Thuisspeler,joueur domicile,Heimspieler
,Player list,Player list,Spelerslijst,Liste de force,Spielerliste
,Player visit,Player away,Uitspeler,joueur extérieur,Auswärtsspieler
,Playerlist saved,Playerlist saved,Spelerslijst opgeslagen,Liste de joueurs enregistrée,Spielerliste gespeichert
,Players with the same assigned rating are not allowed.,Players with the same assigned rating are not allowed.,Spelers met dezelfde toegewezen Elo zijn niet toegelaten,Les joueurs avec le même Elo attribué ne sont pas autorisés.,Spieler mit dem gleichen zugewiesenen Elo sind nicht erlaubt.
,Playing details,Playing details,Speelgegevens,Détails de jeu,Spieldetails
,Playing hours,Playing hours,Speeluren,Heures de jeu,Spielstunden
,Please select a club to view the interclub venues,Please select a club to view the interclub venues,Selecteer een club om de speellokalen te bekijken,Veuillez sélectionner un club pour voir les salles de jeux,"Bitte wählen Sie einen Club aus, um die Interclub-Spielorte anzuzeigen"
,Please select a club to view the interclubs player list,Please select a club to view the interclubs player list,Selecteer een club om de Interclubs spelerslijst te bekijken,Veuillez sélectionner un club pour consulter la liste de force,"Bitte wählen Sie einen Verein aus, um die Interclubs-Spielerliste anzuzeigen"
,Postal address,Postal address,Postadres,Adresse postale,Postanschrift
,postponed,postponed,uitgesteld,reporté,verschoben
,President,President,Voorzitter,Président,Prásident
,president,president,voorzitter,président,Präsident
,President CIS,President CIS,Voorzitter CIS,Président CIS,Prásident CIS
,press_officer,press officer,persverantwoordelijke,attaché de presse,Pressesprecher
,Public,Public,Publiek,Public,öffentlich
,Questions,Questions,Vragen,Questions,Fragen
,Rating manager,Rating manager,Ratingmanager,Responsable du classement ELO,Ratingmanager
,Rating manager Belg.,Rating manager Belg.,Belg. Ratingmanager,Responsable du classement ELO belge,Belg. Ratingmanager
,Rating manager FIDE,Rating manager FIDE,FIDE Ratingmanager,Responsable du classement ELO FIDE,FIDE-Ratingmanager
,RBCF,RCBF,KBSB,FRBE,KSB
,read more,read more,lees meer,en savoir plus,weiter lesen
,Regional,Regional,Regionaal,Régional,Regional
,Registered office,Registered office,Maatschappelijke zetel,Siège social,Sitz der Gesellschaft
,Remarks,Remarks,Opmerkingen,Remarques,Bemerkungen
,Remove transfer,Remove transfer,Transfer verwijderen,Supprimer le transfert,Transfer entfernen
,Report Board Meeting,Report Board Meeting,PV bestuursorgaan,PV organe d'aministration,Bericht Vorstandssitzung
,Report General Assembly,Report General Assembly,PV algemene vergadering,PV Assemblée Générale,Bericht der Generalversammlung
,Reports,Reports,Verslagen,Procès verbaux,Berichte
,Representative BOIC,Representative BOIC,BOIC afgevaardigde,Délegué COIB,Stellvertreter BOIC
,Representative female players,Representative female players,Vertegenwoordiger speelsters,Représentant joueuses,Vertreter für Spielerinnen
,Representative for FIDE & ECU,Representative for FIDE & ECU,Afgevaardigde FIDE & ECU,Représentant pour FIDE & ECU,Vertreter für FIDE & ECU
,Representative titled players,Representative titled players,Vertegenwoordiger  titelspelers,Représentant joueurs titrés,Vertreter für Titelspieler
,Results,Results,Resultaten,Résultats,Ergebnisse
,Results SWAR,Results SWAR,Resulaten SWAR,Résultats SWAR,Ergebnisse SWAR
,Round,Round,Ronde,Ronde,Runde
,Royal Belgian Chess Federation npo,Royal Belgian Chess Federation npo,Koninklijke Belgische Schaakbond vzw.,Fédération Royale Belge des Echecs asbl.,Königlicher Schachbund Belgien VoE
,Saturday,Saturday,Zaterdag,Samedi,Samstag
,Save,Save,Opslaan,Sauvegarder,Speichern
,Save access rights,Save access rights,Toegangsrechten bewaren,Enregistrer les droits d'accès,Zugriffsrechte speichern
,Save anyhow,Save anyhow,Toch opslaan,Sauvegarder quand même,Sparen Sie trotzdem
,Save changes,Save changes,Wijzigingen opslaan,Sauvegarder les modifications,Änderungen speichern
,Save club,Save club,Club bewaren,Enregistrer le club,Verein speichern
,Save enrollment,Save enrollment,Inschrijving opslaan,Enregistrer l'inscription,Anmeldung speichern
,Save player list,Save player list,Spelerslijst opslaan,Sauvegarder la liste de force,Spielerliste speichern
,Save results,Save results,Resultaten bewaren,Sauvegarder les résultats,Ergebnisse speichern
,Secretary,Secretary,Secretaris,Secrétaire,Sekretär
,secretary,secretary,secretaris,secrétaire,Sekretär
,Secretary general,Secretary general,Secretaris-generaal,Secrétaire général,Generalsekretär
,Select a club to view the access rights,Select a club to view the access rights,Selecteer een club om de toegangsrechten te bekijken,Sélectionnez un club pour voir les droits d'accès,"Wählen Sie einen Club aus, um die Zugriffsrechte anzuzeigen"
,Select a club to view the club details,Select a club to view the club details,Selecteer een club om de clubdetails te bekijken,Sélectionnez un club pour afficher les détails du club,"Wählen Sie einen Club aus, um die Clubdetails anzuzeigen"
,Select the club,Select the club,Kles de club,Sélectionnez le cercle,Wählen Sie den Verein aus
,Select the rounds the venue is not available,Select the rounds the venue is not available,Selecteer de ronden waarop het lokaal niet beschikbaar is,Sélectionnez les rondes où le lieu n'est pas disponible,"Wählen Sie die Runden aus, für die der Ort nicht verfügbar ist"
,Selected club,Selected club,Geselecteerde club,Cercle sélectionné,Ausgewählter Verein
,Short name,Short name,Korte naam,Nom court,Kurzer Name
,sign,Sign,Ondertekenen,Signer,Unterschreiben
,Sign in,Sign in,Aanmelden,Identification,Einloggen
,signature,Signature,Ondertekening,Signature,Unterschreibung
,Social media,Social media,Sociale media,Mediasociaux,Sozialen Medien
,Standings,Standings,Stand,Classement,Rangliste
,Start entering planning,Start entering planning,De start voor het invoeren van planning,Le début de la saisie du planning,Der Start zum Einstieg in die Planung
,Start typing number or name,Start typing number or name,Begin met het typen van nummer of naam,Commencez à taper le numéro ou le nom,Beginnen Sie mit der Eingabe der Nummer oder des Namens
,Start typing to filter (clubnumber or name),Start typing to filter (clubnumber or name),Begin met typen om te filteren (clubnummer of naam),Commencez à taper pour filtrer (numéro de club ou nom),"Beginnen Sie mit der Eingabe, um zu filtern (Clubnummer oder Name)"
,Status,Status,Status,Statut,Status
,Statutes,Statutes,Statuten,Statuts,Statuten
,Submit,Submit,Indienen,Soumettre,Einreichen
,Sunday,Sunday,Zondag,Dimanche,Sonntag
,Team,Team,Team,Equipe,Mannschaft
,Telephone number,Telephone number,Telefoonnummer,Numéro de téléphone,Telefonnummer
,Telephone number venue,Telephone number venue,Telefoonnummerr speelzaal,Numéro de téléphone de la salle de jeu,Telefonnummer Veranstaltungsort
,The ELO's are assinged correctly,The ELO's are assinged correctly,De ELO's zijn correct toegewezen,Les ELO sont correctement attribués,Die ELO's sind korrekt zugeordnet
,The interclub administrators have write access to the Interclub Manager,The interclub administrators have write access to the Interclub Manager,De interclubbeheerders hebben schrijftoegang tot de Interclub Manager,Les administrateurs interclubs ont accès en écriture au Interclub Manager,Die Interclub-Administratoren haben Schreibzugriff auf den Interclub Manager
,The interclub captains have write access to the planning and results of the Interclub.,The interclub captains have write access to the planning and results of the Interclub.,De interclubcaptains hebben schrijftoegang tot de planning en resultaten van de Interclub.,Les capitaines interclubs ont accès en écriture au planning et aux résultats de l'interclub.,Die Interclub-Captains haben schriftlichen Zugriff auf die Planungen und Ergebnisse des Interclubs.
,The player list can no longer be modified,The player list can no longer be modified,De spelerslijst kan niet meer veranderd worden,La liste de force ne peut plus être modifiée,Die Spielerliste kann nicht mehr geändert werden
,The player list contains validation errors,The player list contains validation errors,De spelerslijst bevat validatiefouten,La liste de force contient des erreurs de validation,Die Spielerliste enthält Validierungsfehler
,The player list of a club is established in 4 steps,The player list of a club is established in 4 steps,De spelerslijst van een club komt tot stand in 4 stappen,La liste de force d'un club est établie en 4 étapes,Die Spielerliste eines Vereins wird in 4 Schritten erstellt
,The titulars are assigned correctly,The titulars are assigned correctly,De titularissen zijn correct toegewezen,Les titulaires sont attribués correctement,Die Titularen sind korrekt zugeordnet
,The venue is not available on following rounds,The venue is not available on following rounds,Het lokaal is niet beschikbaar in de volgende ronden,La salle n'est pas disponible pour les rondes suivantes,Der Ort ist in den folgenden Runden nicht verfügbar
,There are errors with the assignment of the  titulars,There are errors with the assignment of the  titulars,Er zijn fouten bij de toewijzing van de titularissen,Il y a des erreurs dans l'attribution des titulaires,Es gibt Fehler bei der Zuordnung der Titelaren
,There are players with the same assigned rating.,There are players with the same assigned rating.,Er zijn spelers met dezelfde Elo,Il y a des joueurs avec le même Elo attribué.,Es gibt Spieler mit dem gleichen zugewiesenen Elo.
,There are players wtth the same ELO,There are players wtth the same ELO,Er zijn spelers met dezelfde ELO,Il y a des joueurs avec le même ELO,Es gibt Spieler mit der gleichen ELO
,These members can automatically be added to the playerlist.,These members can automatically be added to the playerlist.,Deze leden kunnen automatisch aan de spelerslijst worden toegevoegd.,Ces membres peuvent être automatiquement ajoutés à la liste de force.,Diese Mitglieder können automatisch zur Spielerliste hinzugefügt werden.
,This is done by adapting the rating of the players.,This is done by adapting the rating of the players.,Dit gebeurt door de rating van de spelers aan te passen.,Cela se fait en adaptant l'Elo des joueurs.,Dies geschieht durch die Anpassung des Elos der Spieler.
,Thursday,Thursday,Donderdag,Jeudi,Mittwoch
,Titular,Titular,Titularis,Titiulaire,Titular
,Titulars must be highest rated players,Titulars must be highest rated players,Titularissen moeten de hoogste Elo hebben,Les titulaires doivent avoir les ELOs les plus élevés,Die Titularen müssen den höchsten ELO haben
,Too many titulars,Too many titulars,Teveel titularissen,Trop de titulaires,Zu viele Titularen
,Tools,Tools,Tools,Outils,Werkzeuge
,Tournament director,Tournament director,Toernooidirecteur,Directeur de tournoi,Turnierleiter
,Tournament rules,Tournament rules,Wedstrijdreglement,Règlement des tournois,Turnierregeln
,tournament_director,tournament director,toernooileider,directeur de tournoi,Turnierleiter
,Transfer of all members to a single club at once.,Transfer of all members to a single club at once.,Transfer van alle leden in één keer naar één club.,Transfert de tous les membres vers un seul club à la fois.,Transfer aller Mitglieder auf einen einzigen Club auf einmal.
,Transgender,Transgender,Transgenders,Transgenres,Transgendern
,Treasurer,Treasurer,Penningmeester,Trésorier,Schatzmeister
,treasurer,treasurer,penningmeester,trésorier,Schatzmeister
,Treasurer a.i.,Treasurer a.i.,Penningmeester a.i.,Trésorier a.i.,Schatzmeister a.I.
,Tuesday,Tuesday,Dinsdag,Mardi,Dienstag
,Useful information,Useful information,Nuttige informatie,Information utile,Nützliche Informationen
,Validation of player list.,Validation of player list.,Validatie van de spelerslijst.,Validation de la liste de force,Validierung der Spielerliste.
,vice_president,vice president,vicevoorzitter,vice-président,Vizepräsident
,Webmaster,Webmaster,Webmaster,Webmaster,Webmaster
,webmaster,webmaster,webmaster,webmaster,Webmaster
,Website,Website,Website,Site web,Webseite
,Wednesday,Wednesday,Woensdag,Mercredi,Mittwoch
,Which versions do you want?,Which versions do you want?,Welke versies wens je?,Quelles versions voulez-vous?,Welche Versionen möchten Sie?
,Wrong combination of username and password,Wrong combination of username and password,Verkeerde combinatie van gebruikersnaam en wachtwoord,Mauvaise combinaison de nom d'utilisateur et de mot de passe,Falsche Kombination aus Benutzername und Passwort
,Yes,Yes,Ja,Oui,Ja
<<<<<<< HEAD
,youth_director,youth director,jeugdleider,directeur de la jeunesse,Jugendleiter
=======
,youth_director,youth director,jeugdleider,directeur de la jeunesse,Jugendleiter
arc,abbrev,Abbreviation,Afkorting,Abréviation,Abkürzung
arc,archive_note,"The Belgian ELO archive is historical and runs up to July 2026. For the most recent FIDE game history and rating calculations, please refer to the player's FIDE profile.","Het Belgisch ELO-archief is historisch en loopt tot juli 2026. Voor de meest recente FIDE-speelgeschiedenis en ratingberekeningen, raadpleeg het FIDE-profiel van de speler.","L'archive ELO belge est historique et s'étend jusqu'en juillet 2026. Pour l'historique FIDE le plus récent et les calculs de classement, consultez le profil FIDE du joueur.",Das belgische ELO-Archiv ist historisch und läuft bis Juli 2026. Für die aktuellste FIDE-Spielhistorie und Ratingberechnungen besuchen Sie bitte das FIDE-Profil des Spielers.
arc,back_to_clubs,Back to clubs,Terug naar clubs,Retour aux clubs,Zurück zu Vereinen
arc,back_to_search,Back to search,Terug naar zoeken,Retour à la recherche,Zurück zur Suche
arc,birthdate,Birthdate,Geboortedatum,Date de naissance,Geburtsdatum
arc,birthyear,Birth Year,Geboortejaar,Année de naissance,Geburtsjahr
arc,black,Black,Zwart,Noir,Schwarz
arc,club_id,Club Number,Clubnummer,Numéro du club,Vereinsnummer
arc,club_name,Club Name,Clubnaam,Nom du club,Vereinsname
arc,club_players_count,Active Members,Ledental,Membres actifs,Aktive Mitglieder
arc,color,Color,Kleur,Couleur,Farbe
arc,date,Date,Datum,Date,Datum
arc,elo_evolution,ELO rating evolution,Verloop ELO-rating,Évolution du classement ELO,ELO-Entwicklung
arc,game_history,Game History,Partijhistoriek,Historique des parties,Partiehistorie
arc,game_nr,Game No.,Partijnr.,N° de partie,Partienummer
arc,gender,Gender,Geslacht,Genre,Geschlecht
arc,last_elo,Last ELO,Laatste ELO,Dernier ELO,Letzte ELO
arc,latest_game,Latest Game,Laatste partij,Dernière partie,Letzte Partie
arc,loading,Loading...,Laden...,Chargement...,Laden...
arc,member_id,Stamnummer,Stamnummer,Matricule,Mitgliedsnummer
arc,nationality,Nationality,Nationaliteit,Nationalité,Nationalität
arc,no_clubs,No clubs found.,Geen clubs gevonden.,Aucun club trouvé.,Keine Vereine gefunden.
arc,no_results,No players found.,Geen spelers gevonden.,Aucun joueur trouvé.,Keine Spieler gefunden.
arc,opponent,Opponent,Tegenstander,Adversaire,Gegner
arc,period,Period,Periode,Période,Periode
arc,player_name,Name,Naam,Nom,Name
arc,players_count,players,spelers,joueurs,Spieler
arc,rating,Rating,Rating,Classement,Wertung
arc,regions_tab,Regions,Regio's,Régions,Regionen
arc,result,Result,Resultaat,Résultat,Ergebnis
arc,search_btn,Search,Zoeken,Rechercher,Suchen
arc,search_club_placeholder,Search club name or number...,Zoek clubnaam of clubnummer...,Rechercher par nom ou numéro de club...,Vereinsname oder Vereinsnummer suchen...
arc,search_club_tab,Search Club,Club zoeken,Rechercher un club,Verein suchen
arc,search_placeholder,Search player name or stamnummer...,Zoek spelersnaam of stamnummer...,Rechercher un nom ou un matricule...,Spielername oder Mitgliedsnummer suchen...
arc,search_player_tab,Search Player,Speler zoeken,Rechercher un joueur,Spieler suchen
arc,selected_club,Selected Club,Geselecteerde club,Club sélectionné,Ausgewählter Verein
arc,title,ELO Archive & Game History,ELO-archief & Partijhistoriek,Archives ELO & Historique des parties,ELO-Archiv & Partiehistorie
arc,total_games,Total Games,Aantal partijen,Nombre de parties,Anzahl der Partien
arc,tournament,Tournament,Toernooi,Tournoi,Turnier
arc,unknown_opponent,Unknown opponent,Onbekende tegenstander,Adversaire inconnu,Unbekannter Gegner
arc,unknown_opponent_hint,"The opponent's name wasn't kept in the source data. This is usually a foreign or FIDE-rated tournament, where only the opponent's rating was recorded, not their name. These games still counted toward the ELO.","De naam van de tegenstander werd niet in de brongegevens bewaard. Dit is meestal een buitenlands of FIDE-toernooi, waarbij alleen de rating van de tegenstander werd bewaard, niet zijn naam. Deze partijen telden wel degelijk mee voor de ELO.","Le nom de l'adversaire n'a pas été conservé dans les données sources. Il s'agit généralement d'un tournoi étranger ou homologué FIDE, où seul le classement de l'adversaire a été enregistré, pas son nom. Ces parties comptaient bel et bien pour le classement ELO.","Der Name des Gegners wurde in den Quelldaten nicht gespeichert. Meist handelt es sich um ein ausländisches oder FIDE-gewertetes Turnier, bei dem nur die Wertungszahl des Gegners erfasst wurde, nicht sein Name. Diese Partien zählten dennoch für die ELO-Wertung."
arc,white,White,Wit,Blanc,Weiß
arc,stamnummer_lookup_hint,"Looking up a membership number here also finds players who aren't currently affiliated. They don't show up in the regular search, only through an exact membership number lookup.","Als u hier een stamnummer opzoekt, vindt u ook spelers die momenteel niet aangesloten zijn. Ze verschijnen niet in de reguliere zoekopdracht, enkel via een exacte stamnummeropzoeking.","La recherche d'un matricule ici permet également de trouver des joueurs qui ne sont pas actuellement affiliés. Ils n'apparaissent pas dans la recherche habituelle, uniquement via une recherche exacte par matricule.","Die Suche nach einer Mitgliedsnummer hier findet auch Spieler, die derzeit nicht angeschlossen sind. Sie erscheinen nicht in der regulären Suche, sondern nur über eine exakte Abfrage der Mitgliedsnummer."
trnreg,title,Tournament Registrations,Toernooiregistratie,Inscriptions aux tournois,Turnieranmeldungen
trnreg,nav_form,Registration form,Inschrijvingsformulier,Formulaire d'inscription,Anmeldeformular
trnreg,nav_list,Registration list,Lijst van inschrijvingen,Liste des inscriptions,Liste der Anmeldungen
trnreg,nav_login,Arbiter login,Arbiter aanmelden,Connexion arbitre,Schiedsrichter-Anmeldung
trnreg,nav_admin,Admin dashboard,Beheerdersdashboard,Tableau de bord admin,Admin-Übersicht
trnreg,nav_logout,Log out,Afmelden,Se déconnecter,Abmelden
trnreg,nav_back_to_form,Back to registration form,Terug naar inschrijvingsformulier,Retour au formulaire d'inscription,Zurück zum Anmeldeformular
trnreg,no_tournament,"No tournament selected. Use a link containing ?trn=<tournament id>, or log in below as an arbiter or organizer.","Geen toernooi geselecteerd. Gebruik een link met ?trn=<toernooi-id>, of meld u hieronder aan als arbiter of organisator.","Aucun tournoi sélectionné. Utilisez un lien contenant ?trn=<id du tournoi>, ou connectez-vous ci-dessous en tant qu'arbitre ou organisateur.","Kein Turnier ausgewählt. Verwenden Sie einen Link mit ?trn=<Turnier-ID>, oder melden Sie sich unten als Schiedsrichter oder Organisator an."
trnreg,loading,Loading...,Laden...,Chargement...,Wird geladen...
trnreg,processing,Processing...,Bezig met verwerken...,Traitement en cours...,Wird verarbeitet...
trnreg,th_dates,Dates,Data,Dates,Termine
trnreg,th_location,Location,Locatie,Lieu,Ort
trnreg,th_time_control,Time control,Tempo,Cadence,Bedenkzeit
trnreg,th_closing,Closing date for registrations,Sluitingsdatum inschrijvingen,Date de clôture des inscriptions,Anmeldeschluss
trnreg,th_obligatory_presence,Mandatory presence,Verplichte aanwezigheid,Présence obligatoire,Anwesenheitspflicht
trnreg,th_categories,Categories,Categorieën,Catégories,Kategorien
trnreg,th_arbiter,Chief arbiter,Hoofdarbiter,Arbitre principal,Hauptschiedsrichter
trnreg,th_organizer,Chief organizer,Hoofdorganisator,Organisateur principal,Hauptorganisator
trnreg,th_website,Website,Website,Site web,Webseite
trnreg,tournament_not_found,Tournament not found.,Toernooi niet gevonden.,Tournoi introuvable.,Turnier nicht gefunden.
trnreg,field_lookup,Search existing player (name or national id),Bestaande speler zoeken (naam of nationaal nummer),Rechercher un joueur existant (nom ou numéro national),Vorhandenen Spieler suchen (Name oder nationale Nummer)
trnreg,lookup_hint,Start typing at least 2 characters to search.,Typ minstens 2 tekens om te zoeken.,Tapez au moins 2 caractères pour lancer la recherche.,"Geben Sie mindestens 2 Zeichen ein, um zu suchen."
trnreg,lookup_searching,Searching...,Bezig met zoeken...,Recherche en cours...,Suche läuft...
trnreg,lookup_no_results,No matching players found.,Geen overeenkomende spelers gevonden.,Aucun joueur correspondant trouvé.,Keine passenden Spieler gefunden.
trnreg,field_last_name,Last name,Achternaam,Nom,Nachname
trnreg,field_first_name,First name,Voornaam,Prénom,Vorname
trnreg,field_sex,Sex,Geslacht,Sexe,Geschlecht
trnreg,sex_m,Male,Man,Masculin,Männlich
trnreg,sex_f,Female,Vrouw,Féminin,Weiblich
trnreg,field_date_birth,Date of birth,Geboortedatum,Date de naissance,Geburtsdatum
trnreg,birth_year_hint,Matched player's birth year,Geboortejaar van de gevonden speler,Année de naissance du joueur sélectionné,Geburtsjahr des gefundenen Spielers
trnreg,field_place_birth,Place of birth,Geboorteplaats,Lieu de naissance,Geburtsort
trnreg,field_country_residence,Country of residence,Land van verblijf,Pays de résidence,Wohnsitzland
trnreg,field_nationality,Nationality,Nationaliteit,Nationalité,Staatsangehörigkeit
trnreg,field_phone,Phone,Telefoon,Téléphone,Telefon
trnreg,field_gsm,Mobile (GSM),GSM,GSM,Mobiltelefon
trnreg,field_email,Email,E-mail,E-mail,E-Mail
trnreg,field_national_id,National id,Nationaal nummer,Numéro national,Nationale Nummer
trnreg,field_national_club,Club (national id),Club (nationaal nummer),Club (numéro national),Verein (nationale Nummer)
trnreg,field_affiliated,Affiliated,Aangesloten,Affilié,Angeschlossen
trnreg,field_fide_id,FIDE id,FIDE-nummer,Numéro FIDE,FIDE-Nummer
trnreg,field_fide_rating_standard,FIDE rating (standard),FIDE-rating (standaard),Classement FIDE (standard),FIDE-Wertung (Standard)
trnreg,field_fide_rating_rapid,FIDE rating (rapid),FIDE-rating (rapid),Classement FIDE (rapide),FIDE-Wertung (Rapid)
trnreg,field_fide_rating_blitz,FIDE rating (blitz),FIDE-rating (blitz),Classement FIDE (blitz),FIDE-Wertung (Blitz)
trnreg,field_fide_title,FIDE title,FIDE-titel,Titre FIDE,FIDE-Titel
trnreg,field_fide_federation,FIDE federation,FIDE-federatie,Fédération FIDE,FIDE-Föderation
trnreg,field_category,Category,Categorie,Catégorie,Kategorie
trnreg,category_placeholder,Select a category,Selecteer een categorie,Sélectionnez une catégorie,Kategorie auswählen
trnreg,field_note,Note,Opmerking,Remarque,Anmerkung
trnreg,field_contact,Contact person,Contactpersoon,Personne de contact,Kontaktperson
trnreg,field_rounds_absent,Rounds the player will be absent,Ronden waarin de speler afwezig zal zijn,Rondes où le joueur sera absent,"Runden, in denen der Spieler abwesend sein wird"
trnreg,field_g_license,G-license,G-licentie,Licence G,G-Lizenz
trnreg,submit_btn,Register,Inschrijven,S'inscrire,Anmelden
trnreg,update_btn,Save changes,Wijzigingen opslaan,Enregistrer les modifications,Änderungen speichern
trnreg,cancel_btn,Cancel,Annuleren,Annuler,Abbrechen
trnreg,submitted_title,Registration confirmed,Inschrijving bevestigd,Inscription confirmée,Anmeldung bestätigt
trnreg,submitted_msg,Your registration has been received. Please save your registration id -- you will need it to edit your registration later.,Uw inschrijving werd goed ontvangen. Bewaar uw inschrijvingsnummer -- u heeft het nodig om uw inschrijving later te wijzigen.,Votre inscription a bien été reçue. Veuillez conserver votre numéro d'inscription -- vous en aurez besoin pour modifier votre inscription ultérieurement.,"Ihre Anmeldung wurde erfolgreich empfangen. Bitte notieren Sie sich Ihre Anmeldungsnummer -- Sie benötigen sie, um Ihre Anmeldung später zu ändern."
trnreg,registration_id_label,Registration id,Inschrijvingsnummer,Numéro d'inscription,Anmeldungsnummer
trnreg,register_another,Register another player,Nog een speler inschrijven,Inscrire un autre joueur,Weiteren Spieler anmelden
trnreg,duplicate_error,This player is already registered for this tournament.,Deze speler is al ingeschreven voor dit toernooi.,Ce joueur est déjà inscrit à ce tournoi.,Dieser Spieler ist für dieses Turnier bereits angemeldet.
trnreg,registrations_not_open_yet,Registrations for this tournament have not opened yet.,De inschrijvingen voor dit toernooi zijn nog niet geopend.,Les inscriptions pour ce tournoi ne sont pas encore ouvertes.,Die Anmeldung für dieses Turnier ist noch nicht geöffnet.
trnreg,registrations_closed,Registrations for this tournament are closed.,De inschrijvingen voor dit toernooi zijn gesloten.,Les inscriptions pour ce tournoi sont clôturées.,Die Anmeldung für dieses Turnier ist geschlossen.
trnreg,load_tournament_failed,Failed to load tournament information.,Laden van de toernooi-informatie mislukt.,Échec du chargement des informations du tournoi.,Laden der Turnierinformationen fehlgeschlagen.
trnreg,load_registrations_failed,Failed to load registrations.,Laden van de inschrijvingen mislukt.,Échec du chargement des inscriptions.,Laden der Anmeldungen fehlgeschlagen.
trnreg,submit_failed,Failed to submit registration.,Versturen van de inschrijving mislukt.,Échec de l'envoi de l'inscription.,Absenden der Anmeldung fehlgeschlagen.
trnreg,update_failed,Failed to save changes.,Opslaan van de wijzigingen mislukt.,Échec de l'enregistrement des modifications.,Speichern der Änderungen fehlgeschlagen.
trnreg,delete_failed,Failed to delete registration.,Verwijderen van de inschrijving mislukt.,Échec de la suppression de l'inscription.,Löschen der Anmeldung fehlgeschlagen.
trnreg,update_success,Changes saved.,Wijzigingen opgeslagen.,Modifications enregistrées.,Änderungen gespeichert.
trnreg,delete_confirm,Delete this registration? This cannot be undone.,Deze inschrijving verwijderen? Dit kan niet ongedaan worden gemaakt.,Supprimer cette inscription ? Cette action est irréversible.,Diese Anmeldung löschen? Dies kann nicht rückgängig gemacht werden.
trnreg,delete_success,Registration deleted.,Inschrijving verwijderd.,Inscription supprimée.,Anmeldung gelöscht.
trnreg,registration_not_found,Registration not found.,Inschrijving niet gevonden.,Inscription introuvable.,Anmeldung nicht gefunden.
trnreg,list_title,Registrations,Inschrijvingen,Inscriptions,Anmeldungen
trnreg,list_filter,"Filter by name, club or id","Filteren op naam, club of nummer","Filtrer par nom, club ou numéro","Filtern nach Name, Verein oder Nummer"
trnreg,list_empty,No registrations yet.,Nog geen inschrijvingen.,Aucune inscription pour l'instant.,Noch keine Anmeldungen.
trnreg,list_count,registrations,inschrijvingen,inscriptions,Anmeldungen
trnreg,col_id,Id,Nummer,Numéro,Nummer
trnreg,col_name,Name,Naam,Nom,Name
trnreg,col_sex,Sex,Geslacht,Sexe,Geschlecht
trnreg,col_birth,Birth date,Geboortedatum,Date de naissance,Geburtsdatum
trnreg,col_club,Club,Club,Club,Verein
trnreg,col_category,Category,Categorie,Catégorie,Kategorie
trnreg,col_fide_id,FIDE id,FIDE-nummer,Numéro FIDE,FIDE-Nummer
trnreg,col_rating,Rating,Rating,Classement,Wertung
trnreg,col_email,Email,E-mail,E-mail,E-Mail
trnreg,col_phone,Phone,Telefoon,Téléphone,Telefon
trnreg,col_actions,Actions,Acties,Actions,Aktionen
trnreg,edit_btn,Edit,Wijzigen,Modifier,Bearbeiten
trnreg,delete_btn,Delete,Verwijderen,Supprimer,Löschen
trnreg,edit_registration_title,Edit registration,Inschrijving wijzigen,Modifier l'inscription,Anmeldung bearbeiten
trnreg,new_registration_title,New registration,Nieuwe inschrijving,Nouvelle inscription,Neue Anmeldung
trnreg,login_title,Arbiter / organizer login,Aanmelden arbiter / organisator,Connexion arbitre / organisateur,Anmeldung Schiedsrichter / Organisator
trnreg,field_username,Username,Gebruikersnaam,Nom d'utilisateur,Benutzername
trnreg,field_password,Password,Wachtwoord,Mot de passe,Passwort
trnreg,login_btn,Log in,Aanmelden,Se connecter,Anmelden
trnreg,login_failed,Incorrect username or password.,Onjuiste gebruikersnaam of wachtwoord.,Nom d'utilisateur ou mot de passe incorrect.,Falscher Benutzername oder falsches Passwort.
trnreg,logged_in_as,Logged in as,Aangemeld als,Connecté en tant que,Angemeldet als
trnreg,admin_title,My tournaments,Mijn toernooien,Mes tournois,Meine Turniere
trnreg,admin_new_tournament,New tournament,Nieuw toernooi,Nouveau tournoi,Neues Turnier
trnreg,admin_no_tournaments,You have no tournaments yet.,U heeft nog geen toernooien.,Vous n'avez pas encore de tournoi.,Sie haben noch keine Turniere.
trnreg,admin_manage_registrations,Manage registrations,Inschrijvingen beheren,Gérer les inscriptions,Anmeldungen verwalten
trnreg,admin_edit_tournament,Edit,Wijzigen,Modifier,Bearbeiten
trnreg,admin_view_public_page,View public page,Openbare pagina bekijken,Voir la page publique,Öffentliche Seite ansehen
trnreg,admin_delete_tournament,Delete tournament,Toernooi verwijderen,Supprimer le tournoi,Turnier löschen
trnreg,admin_delete_tournament_title,Delete this tournament?,Dit toernooi verwijderen?,Supprimer ce tournoi ?,Dieses Turnier löschen?
trnreg,admin_delete_tournament_warning,This permanently deletes the tournament and every one of its registrations. This cannot be undone. Type the tournament name below to confirm.,Dit verwijdert het toernooi en al zijn inschrijvingen permanent. Dit kan niet ongedaan gemaakt worden. Typ de naam van het toernooi hieronder ter bevestiging.,Ceci supprime définitivement le tournoi ainsi que toutes ses inscriptions. Cette action est irréversible. Tapez le nom du tournoi ci-dessous pour confirmer.,"Dies löscht das Turnier und alle seine Anmeldungen dauerhaft. Dies kann nicht rückgängig gemacht werden. Geben Sie unten den Namen des Turniers ein, um zu bestätigen."
trnreg,admin_delete_tournament_type_name,Type the tournament name to confirm,Typ de toernooinaam ter bevestiging,Tapez le nom du tournoi pour confirmer,"Geben Sie den Turniernamen ein, um zu bestätigen"
trnreg,admin_delete_tournament_confirm_btn,Delete permanently,Permanent verwijderen,Supprimer définitivement,Endgültig löschen
trnreg,admin_delete_tournament_success,Tournament deleted.,Toernooi verwijderd.,Tournoi supprimé.,Turnier gelöscht.
trnreg,admin_delete_tournament_failed,Failed to delete tournament.,Verwijderen van toernooi mislukt.,Échec de la suppression du tournoi.,Löschen des Turniers fehlgeschlagen.
trnreg,admin_back_to_tournaments,Back to my tournaments,Terug naar mijn toernooien,Retour à mes tournois,Zurück zu meinen Turnieren
trnreg,admin_export_csv,Download CSV,CSV downloaden,Télécharger le CSV,CSV herunterladen
trnreg,admin_export_swar_a,Download SWAR (category A),SWAR downloaden (categorie A),Télécharger SWAR (catégorie A),SWAR herunterladen (Kategorie A)
trnreg,admin_export_swar_b,Download SWAR (category B),SWAR downloaden (categorie B),Télécharger SWAR (catégorie B),SWAR herunterladen (Kategorie B)
trnreg,admin_export_swar_c,Download SWAR (category C),SWAR downloaden (categorie C),Télécharger SWAR (catégorie C),SWAR herunterladen (Kategorie C)
trnreg,admin_refresh_elo,Refresh ELO / FIDE data,ELO/FIDE-gegevens vernieuwen,Actualiser ELO / données FIDE,ELO-/FIDE-Daten aktualisieren
trnreg,admin_refresh_elo_result,Updated {count} registrations.,{count} inschrijvingen bijgewerkt.,{count} inscriptions mises à jour.,{count} Anmeldungen aktualisiert.
trnreg,admin_load_tournaments_failed,Failed to load your tournaments.,Laden van uw toernooien mislukt.,Échec du chargement de vos tournois.,Laden Ihrer Turniere fehlgeschlagen.
trnreg,admin_save_tournament_failed,Failed to save tournament.,Opslaan van het toernooi mislukt.,Échec de l'enregistrement du tournoi.,Speichern des Turniers fehlgeschlagen.
trnreg,admin_save_tournament_success,Tournament saved.,Toernooi opgeslagen.,Tournoi enregistré.,Turnier gespeichert.
trnreg,admin_export_failed,Download failed.,Downloaden mislukt.,Échec du téléchargement.,Herunterladen fehlgeschlagen.
trnreg,admin_refresh_elo_failed,Failed to refresh ELO / FIDE data.,Vernieuwen van ELO/FIDE-gegevens mislukt.,Échec de l'actualisation des données ELO / FIDE.,Aktualisieren der ELO-/FIDE-Daten fehlgeschlagen.
trnreg,field_name,Name,Naam,Nom,Name
trnreg,field_address,Address,Adres,Adresse,Adresse
trnreg,field_city,City,Stad,Ville,Stadt
trnreg,field_obligatory_presence,Mandatory presence,Verplichte aanwezigheid,Présence obligatoire,Anwesenheitspflicht
trnreg,field_system,System,Systeem,Système,System
trnreg,field_rounds,Rounds,Ronden,Rondes,Runden
trnreg,field_categories,Categories,Categorieën,Catégories,Kategorien
trnreg,add_category,Add category,Categorie toevoegen,Ajouter une catégorie,Kategorie hinzufügen
trnreg,remove_category,Remove,Verwijderen,Retirer,Entfernen
trnreg,field_opening_registrations,Opening of registrations,Opening van de inschrijvingen,Ouverture des inscriptions,Beginn der Anmeldung
trnreg,field_closing_registrations,Closing of registrations,Sluiting van de inschrijvingen,Clôture des inscriptions,Anmeldeschluss
trnreg,field_date_start,Start date,Startdatum,Date de début,Startdatum
trnreg,field_date_end,End date,Einddatum,Date de fin,Enddatum
trnreg,field_time_control,Time control,Tempo,Cadence,Bedenkzeit
trnreg,field_time_control_details,Time control details,Ander tempo,Détails de la cadence,Details zur Bedenkzeit
trnreg,field_swar_cadence_number,SWAR cadence number,SWAR-cadansnummer,Numéro de cadence SWAR,SWAR-Kadenznummer
trnreg,cadence_needs_time_control,Pick a time control first,Kies eerst een tempo,Choisissez d'abord une cadence,Wählen Sie zuerst eine Bedenkzeit
trnreg,field_event_code_fide_a,FIDE event code (A),FIDE-evenementcode (A),Code événement FIDE (A),FIDE-Event-Code (A)
trnreg,field_event_code_fide_b,FIDE event code (B),FIDE-evenementcode (B),Code événement FIDE (B),FIDE-Event-Code (B)
trnreg,field_event_code_fide_c,FIDE event code (C),FIDE-evenementcode (C),Code événement FIDE (C),FIDE-Event-Code (C)
trnreg,field_url,Website,Website,Site web,Webseite
trnreg,field_organizing_club,Organizing club,Organiserende club,Club organisateur,Organisierender Verein
trnreg,field_federation,Federation,Federatie,Fédération,Föderation
trnreg,section_arbiters,Arbiters,Arbiters,Arbitres,Schiedsrichter
trnreg,field_chief_arbiter_person_id,Chief arbiter person id,Licentienummer hoofdarbiter,Numéro de licence de l'arbitre principal,Lizenznummer Hauptschiedsrichter
trnreg,field_chief_arbiter_name,Chief arbiter name,Naam hoofdarbiter,Nom de l'arbitre principal,Name Hauptschiedsrichter
trnreg,field_chief_arbiter_email,Chief arbiter email,E-mail hoofdarbiter,E-mail de l'arbitre principal,E-Mail Hauptschiedsrichter
trnreg,field_chief_arbiter_phone,Chief arbiter phone,Telefoon hoofdarbiter,Téléphone de l'arbitre principal,Telefon Hauptschiedsrichter
trnreg,field_deputy_arbiter_1_person_id,Deputy arbiter 1 person id,Licentienummer adjunct-arbiter 1,Numéro de licence de l'arbitre adjoint 1,Lizenznummer stellvertretender Schiedsrichter 1
trnreg,field_deputy_arbiter_1_name,Deputy arbiter 1 name,Naam adjunct-arbiter 1,Nom de l'arbitre adjoint 1,Name stellvertretender Schiedsrichter 1
trnreg,field_deputy_arbiter_1_email,Deputy arbiter 1 email,E-mail adjunct-arbiter 1,E-mail de l'arbitre adjoint 1,E-Mail stellvertretender Schiedsrichter 1
trnreg,field_deputy_arbiter_2_person_id,Deputy arbiter 2 person id,Licentienummer adjunct-arbiter 2,Numéro de licence de l'arbitre adjoint 2,Lizenznummer stellvertretender Schiedsrichter 2
trnreg,field_deputy_arbiter_2_name,Deputy arbiter 2 name,Naam adjunct-arbiter 2,Nom de l'arbitre adjoint 2,Name stellvertretender Schiedsrichter 2
trnreg,field_deputy_arbiter_2_email,Deputy arbiter 2 email,E-mail adjunct-arbiter 2,E-mail de l'arbitre adjoint 2,E-Mail stellvertretender Schiedsrichter 2
trnreg,section_organizer,Organizer,Organisator,Organisateur,Organisator
trnreg,field_chief_organizer_person_id,Chief organizer person id,Licentienummer hoofdorganisator,Numéro de licence de l'organisateur principal,Lizenznummer Hauptorganisator
trnreg,field_chief_organizer_name,Chief organizer name,Naam hoofdorganisator,Nom de l'organisateur principal,Name Hauptorganisator
trnreg,field_chief_organizer_email,Chief organizer email,E-mail hoofdorganisator,E-mail de l'organisateur principal,E-Mail Hauptorganisator
trnreg,field_chief_organizer_phone,Chief organizer phone,Telefoon hoofdorganisator,Téléphone de l'organisateur principal,Telefon Hauptorganisator
trnreg,field_chief_arbiter_search,Search chief arbiter (name or FIDE id),Hoofdarbiter zoeken (naam of FIDE-nummer),Rechercher l'arbitre principal (nom ou numéro FIDE),Hauptschiedsrichter suchen (Name oder FIDE-Nummer)
trnreg,field_deputy_arbiter_1_search,Search deputy arbiter 1 (name or FIDE id),Adjunct-arbiter 1 zoeken (naam of FIDE-nummer),Rechercher l'arbitre adjoint 1 (nom ou numéro FIDE),Stellvertretenden Schiedsrichter 1 suchen (Name oder FIDE-Nummer)
trnreg,field_deputy_arbiter_2_search,Search deputy arbiter 2 (name or FIDE id),Adjunct-arbiter 2 zoeken (naam of FIDE-nummer),Rechercher l'arbitre adjoint 2 (nom ou numéro FIDE),Stellvertretenden Schiedsrichter 2 suchen (Name oder FIDE-Nummer)
trnreg,field_chief_organizer_search,Search chief organizer (name or FIDE id),Hoofdorganisator zoeken (naam of FIDE-nummer),Rechercher l'organisateur principal (nom ou numéro FIDE),Hauptorganisator suchen (Name oder FIDE-Nummer)
trnreg,selected_person,Selected,Geselecteerd,Sélectionné,Ausgewählt
trnreg,clear_selection,Clear,Wissen,Effacer,Entfernen
trnreg,no_person_selected,No person selected yet.,Nog geen persoon geselecteerd.,Aucune personne sélectionnée pour l'instant.,Noch keine Person ausgewählt.
trnreg,no_fide_id,No FIDE id,Geen FIDE-nummer,Pas de numéro FIDE,Keine FIDE-Nummer
trnreg,section_email_copies,Email copies,E-mailkopieën,Copies e-mail,E-Mail-Kopien
trnreg,field_email_copy_1,Email copy 1,E-mailkopie 1,Copie e-mail 1,E-Mail-Kopie 1
trnreg,field_email_copy_2,Email copy 2,E-mailkopie 2,Copie e-mail 2,E-Mail-Kopie 2
trnreg,field_email_copy_3,Email copy 3,E-mailkopie 3,Copie e-mail 3,E-Mail-Kopie 3
trnreg,save_btn,Save,Opslaan,Enregistrer,Speichern
trnreg,required_field,Required,Verplicht,Obligatoire,Erforderlich
trnreg,yes,Yes,Ja,Oui,Ja
trnreg,no,No,Nee,Non,Nein
trnreg,close_btn,Close,Sluiten,Fermer,Schließen
trnreg,system_SWISS,Swiss,Zwitsers,Suisse,Schweizer System
trnreg,system_SWISS_DBL,Swiss (double round),Zwitsers (dubbele ronde),Suisse (double ronde),Schweizer System (Doppelrunde)
trnreg,system_SWISS_ACCELERE,Accelerated Swiss,Versneld Zwitsers,Suisse accéléré,Beschleunigtes Schweizer System
trnreg,system_SWISS_321,Swiss 3-2-1,Zwitsers 3-2-1,Suisse 3-2-1,Schweizer System 3-2-1
trnreg,system_SWISS_BAKU,Swiss (Baku acceleration),Zwitsers (Bakoe-versnelling),Suisse (accélération Bakou),Schweizer System (Baku-Beschleunigung)
trnreg,system_SW_AMERICAIN,American Swiss,Amerikaans,Américaine,Amerikanisches System
trnreg,system_SW_AMERICAIN_DBL,American Swiss (double round),Amerikaans (dubbele ronde),Américaine (double ronde),Amerikanisches System (Doppelrunde)
trnreg,system_ROBIN,Round robin,Rondesysteem (iedereen tegen iedereen),Toutes rondes,Jeder-gegen-Jeden
trnreg,system_ROBIN_DBL,Round robin (double),Rondesysteem (dubbel),Toutes rondes (double),Jeder-gegen-Jeden (doppelt)
trnreg,system_ROBIN_AR,Round robin (armageddon),Rondesysteem (armageddon),Toutes rondes (armageddon),Jeder-gegen-Jeden (Armageddon)
trnreg,tc_Std,Standard,Standaard,Standard,Standard
trnreg,tc_Rapid,Rapid,Rapid,Rapide,Schnellschach
trnreg,tc_Blitz,Blitz,Blitz,Blitz,Blitz
